妖怪ID,名称,属性,力,智,速,魅,运,技,技能1要求,技能1属性,技能1加值,技能1加成,技能2要求,技能2属性,技能2加值,技能2加成,技能3要求,技能3属性,技能3加值,技能3加成,TAG1,技能1,技能2,技能3,情缘,情缘技能
1,渊鲶,暗,24,24,50,20,24,34,暗,全,5,,,,,,,,,,呆萌,全队的暗属性妖怪全属性＋5,,,,
2,河童子,暗,48,48,120,40,102,66,暗,全,5,,,,,,,,,,呆萌人形,全队的暗属性妖怪全属性＋5,,,,
3,魁剑客,暗,90,55,150,44,128,72,暗,全,5,,,,,,,,,,呆萌人形魁梧,全队的暗属性妖怪全属性＋5,,,六扇窗,速度＋500
4,布灵,暗,24,24,20,50,20,34,暗,全,5,,,,,,,,,,人形,全队的暗属性妖怪全属性＋5,,,,
5,悬衣仔,暗,38,38,30,92,30,78,暗,全,5,,,,,,,,,,人形呆萌,全队的暗属性妖怪全属性＋5,,,,
6,夺衣婆,暗,48,48,44,132,44,114,暗,全,5,,,,,,,,,,人形呆萌邪恶,全队的暗属性妖怪全属性＋5,,,,
7,绿灵,木,40,54,40,86,44,32,木,魅,0,0.3,,,,,,,,,呆萌,全队的木属性妖怪魅力×130%,,,,
8,叶魅,木,68,92,68,148,116,54,木,魅,0,0.6,,,,,,,,,呆萌妹纸,全队的木属性妖怪魅力×160%,,,,
9,春丽,木,82,110,82,178,138,66,木,魅,0,0.6,,,,,,,,,呆萌妹纸战士,全队的木属性妖怪魅力×160%,,,四季组合,魅力＋800
10,火印,火,20,40,30,86,62,54,火,魅,0,0.3,,,,,,,,,呆萌,全队的火属性妖怪魅力×130%,,,,
11,夏雨荷,火,34,64,52,144,104,150,火,魅,0,0.6,,,,,,,,,呆萌妹纸,全队的火属性妖怪魅力×160%,,,,
12,丽娜,火,48,76,62,172,124,180,火,魅,0,0.6,,,,,,,,,呆萌妹纸神秘,全队的火属性妖怪魅力×160%,,,四季组合,魅力＋800
13,枯妖,土,26,48,34,96,62,26,地,魅,0,0.3,,,,,,,,,呆萌,全队的地属性妖怪魅力×130%,,,,
14,秋波,土,46,126,50,160,102,62,地,魅,0,0.6,,,,,,,,,呆萌妹纸,全队的地属性妖怪魅力×160%,,,,
15,秋香,土,52,146,60,188,120,94,地,魅,0,0.6,,,,,,,,,呆萌妹纸吉祥,全队的地属性妖怪魅力×160%,,,四季组合,魅力＋800
16,玄冰,水,30,54,40,86,46,40,水,魅,0,0.3,,,,,,,,,呆萌,全队的水属性妖怪魅力×130%,,,,
17,呆萌姬,水,44,98,54,154,142,54,水,魅,0,0.6,,,,,,,,,呆萌妹纸,全队的水属性妖怪魅力×160%,,,,
18,幽兰雪魅,水,52,116,64,182,182,64,水,魅,0,1,,,,,,,,,呆萌妹纸善良,全队的水属性妖怪魅力×160%,,,四季组合,魅力＋800
19,葱头,暗,52,22,22,22,24,34,0,0,0,,,,,,,,,,邪恶,,,,,
20,烟烟罗,暗,94,32,32,32,38,80,暗,力,15,,,,,,,,,,邪恶妖怪,全队的暗属性妖怪力量＋15,,,,
21,暴刺灵,暗,132,39,39,39,50,123,暗,力,30,,,,,,,,,,邪恶妖怪神秘,全队的暗属性妖怪力量＋30,,,,
22,悦鸣,火,34,52,86,52,34,34,0,0,0,,,,,,,,,,呆萌,,,,,
23,天灵鸟,火,42,106,122,76,42,42,火,速,0,0.3,,,,,,,,,呆萌小眼睛,全队的火属性妖怪速度×130%,,,,
24,九天夸父,火,102,118,138,96,48,48,火,速,0,0.6,,,,,,,,,呆萌小眼睛神仙,全队的火属性妖怪速度×160%,,,气象局发言人,全队每人技巧×200%
25,阴灵,暗,46,30,22,26,26,22,暗,全,5,,,,,,,,,,呆萌,每增加一只暗属性妖怪全属性＋5,,,,
26,鬼童子,暗,82,46,70,34,40,34,暗,全,5,,,,,,,,,,呆萌妖怪,每增加一只暗属性妖怪全属性＋5,,,,
27,凶灵,暗,122,60,106,44,52,44,暗,全,10,,,,,,,,,,呆萌妖怪战士,每增加一只暗属性妖怪全属性＋10,,,,
28,木坊主,火,50,20,34,24,24,20,0,0,0,,,,,,,,,,呆萌,,,,,
29,藏犬,火,128,44,110,52,52,44,火,全,5,,,,,,,,,,呆萌善良,全队的火属性妖怪全属性＋5,,,,
30,藏犬屋,火,166,54,144,59,59,54,火,全,5,,,,,,,,,,呆萌善良奇特,全队的火属性妖怪全属性＋5,,,,
31,玄阴火,光,18,30,18,30,56,24,0,0,0,,,,,,,,,,娇小,,,,,
32,青行灯,光,30,40,30,80,94,34,光,运,15,,,,,,,,,,娇小神秘,全队的光属性妖怪运气＋15,,,,
33,般若娘,光,40,83,40,101,118,44,光,运,30,,,,,,,,,,娇小神秘妹纸,全队的光属性妖怪运气＋30,,,,
34,小藕丁,光,36,146,72,60,72,26,光,智,0,0.3,,,,,,,,,呆萌,全队的光属性妖怪智慧×130%,,,,
35,藕丁童子,光,42,227,92,78,186,41,光,智,0,0.6,光,全,5,,,,,,呆萌人形,全队的光属性妖怪智慧×160%,每增加一只光属性妖怪全属性＋5,,,
36,莲藕大佛,光,119,258,104,146,210,48,光,智,0,1,光,全,10,,,,,,呆萌人形神仙,全队的光属性妖怪智慧×200%,每增加一只光属性妖怪全属性＋10,,,
37,五行石,光,90,32,144,66,28,52,光,力,0,0.3,,,,,,,,,呆萌,全队的光属性妖怪力量×130%,,,,
38,呆屁猴,光,184,50,221,87,43,80,光,力,0,0.6,,,,,,,,,呆萌神速,全队的光属性妖怪力量×160%,,,,
39,齐天小圣,光,252,62,270,126,54,126,光,力,0,1,,,,,,,,,呆萌神速神仙,全队的光属性妖怪力量×200%,,,传销五人组,全队每人全属性＋88
40,牵牛,暗,20,32,32,16,44,28,0,0,0,,,,,,,,,,自然,,,,,
41,牵牛花,暗,26,38,38,92,82,32,暗,魅,15,,,,,,,,,,自然人形,全队的暗属性妖怪魅力＋15,,,,
42,勤娘子,暗,30,44,91,120,106,34,暗,魅,30,,,,,,,,,,自然人形妹纸,全队的暗属性妖怪魅力＋30,,,,
43,魔虫,暗,72,36,106,72,36,106,0,0,0,,,,,,,,,,邪恶,,,,,
44,恶灵,暗,90,43,140,90,43,140,暗,力,0,0.3,,,,,,,,,邪恶妖怪,全队的暗属性妖怪力量×130%,,,,
45,梦魇,暗,106,52,172,106,52,172,暗,力,0,0.6,,,,,,,,,邪恶妖怪神秘,全队的暗属性妖怪力量×160%,,,,
46,羽妖仔,光,18,170,42,72,48,66,光,智,15,,,,,,,,,,呆萌,全队的光属性妖怪智慧＋15,,,,
47,小诸葛,光,20,186,46,80,146,72,光,智,30,,光,全,5,,,,,,呆萌人形,全队的光属性妖怪智慧＋30,每增加一只光属性妖怪全属性＋5,,,
48,诸葛孔明,光,28,300,64,112,206,178,光,智,50,,光,全,10,,,,,,呆萌人形谋略,全队的光属性妖怪智慧＋50,每增加一只光属性妖怪全属性＋10,,,
49,智鼠,土,26,32,58,20,20,20,0,0,0,,,,,,,,,,呆萌,,,,,
50,鼠又,土,32,84,92,32,36,32,0,0,0,,,,,,,,,,呆萌人形,,,,,
51,鼠魅娘,土,53,124,143,53,60,104,0,0,0,,,,,,,,,,呆萌人形老人家,,,,地三鲜,运气＋150
52,芽头,木,24,20,20,58,24,30,木,力,0,0.3,,,,,,,,,自然,全队的木属性妖怪力量×130%,,,,
53,草头,木,80,34,34,88,34,40,木,力,0,0.3,,,,,,,,,自然人形,全队的木属性妖怪力量×130%,,,,
54,草莽勇,木,101,44,44,118,36,83,木,力,0,0.3,,,,,,,,,自然人形妖怪,全队的木属性妖怪力量×130%,,,六扇窗,速度＋500
55,蛇带,木,74,26,74,52,26,42,木,力,0,1,,,,,,,,,善良,全队的木属性妖怪力量×200%,,,,
56,关羽,木,146,46,146,92,46,72,木,力,0,1,,,,,,,,,善良神勇,全队的木属性妖怪力量×200%,,,,
57,神将关云长,木,202,62,202,126,62,112,木,力,0,1,,,,,,,,,善良神勇龙族,全队的木属性妖怪力量×200%,,,三个臭皮匠,力量＋450 速度＋450
58,日晴偶,光,20,26,20,54,26,26,光,智,15,,,,,,,,,,娇小,全队的光属性妖怪智慧＋15,,,,
59,晴天萝莉,光,44,52,44,128,110,52,光,智,30,,光,全,5,,,,,,娇小善良,全队的光属性妖怪智慧＋30,每增加一只光属性妖怪全属性＋5,,,
60,放晴女,光,44,112,44,150,134,56,光,智,50,,光,全,10,,,,,,娇小善良妹纸,全队的光属性妖怪智慧＋50,每增加一只光属性妖怪全属性＋10,,,
61,赤红瓜,火,28,34,22,56,22,16,火,魅,0,0.3,,,,,,,,,呆萌,全队的火属性妖怪魅力×130%,,,,
62,赤红小鬼,火,34,87,34,88,34,28,火,魅,0,0.3,,,,,,,,,呆萌人形,全队的火属性妖怪魅力×130%,,,,
63,离空,火,44,106,34,120,34,88,火,魅,0,0.3,,,,,,,,,呆萌人形妹纸,全队的火属性妖怪魅力×130%,,,,
64,鸡卒,光,36,26,84,30,36,84,0,0,0,,,,,,,,,,呆萌,,,,,
65,雷坊主,光,48,38,122,44,52,122,光,全,5,,,,,,,,,,呆萌人形,每增加一只光属性妖怪全属性＋5,,,,
66,金光雷公,光,118,66,208,74,88,208,光,全,10,,,,,,,,,,呆萌人形神仙,每增加一只光属性妖怪全属性＋10,,,气象局发言人,全队每人技巧×200%
67,木魅,木,36,98,36,46,36,46,木,全,5,,,,,,,,,,自然,全队的木属性妖怪全属性＋5,,,,
68,树魅,木,48,134,48,62,48,88,木,全,5,,木,智,,0.6,,,,,自然人形,全队的木属性妖怪全属性＋5,全队的木属性妖怪智慧×160%,,,
69,周树人,木,69,192,69,134,69,128,木,全,5,,木,智,,0.6,,,,,自然人形谋略,全队的木属性妖怪全属性＋5,全队的木属性妖怪智慧×160%,,,
70,青团,木,34,128,72,30,120,34,木,运,0,0.3,,,,,,,,,小眼睛,全队的木属性妖怪运气×130%,,,,
71,玲珑兽,木,54,206,116,48,192,54,木,运,0,0.3,木,运,15,,,,,,小眼睛吉祥,全队的木属性妖怪运气×130%,全队的木属性妖怪运气＋15,,,
72,避水金睛兽,木,80,304,172,70,284,80,木,运,0,0.6,光,运,30,,,,,,小眼睛吉祥神仙,全队的木属性妖怪运气×160%,全队的木属性妖怪运气＋30,,,
73,小乖,暗,26,20,18,54,20,36,0,0,0,,,,,,,,,,小眼睛,,,,,
74,阿土仔,暗,56,42,42,130,42,112,暗,技,15,,,,,,,,,,小眼睛人形,全队的暗属性妖怪技巧＋15,,,,
75,恶魃,暗,114,42,54,152,42,136,暗,技,30,,,,,,,,,,小眼睛人形邪恶,全队的暗属性妖怪技巧＋30,,,,
76,黄箭令,土,36,20,54,20,18,26,0,0,0,,,,,,,,,,呆萌,,,,,
77,锦衣卫,土,130,42,112,42,42,56,地,全,5,,,,,,,,,,呆萌人形,全队的地属性妖怪全属性＋5,,,,
78,虎大官,土,144,108,122,50,50,66,地,全,5,,,,,,,,,,呆萌人形神勇,全队的地属性妖怪全属性＋5,,,六扇窗,速度＋500
79,白箭令,光,54,20,36,20,18,26,0,0,0,,,,,,,,,,呆萌,,,,,
80,白展堂,光,130,42,112,42,42,56,光,全,5,,,,,,,,,,呆萌人形,全队的光属性妖怪全属性＋5,,,,
81,白求恩,光,152,42,136,42,54,114,光,全,5,,,,,,,,,,呆萌人形小眼睛,全队的光属性妖怪全属性＋5,,,,
82,糯米滋,光,26,42,58,36,42,88,光,技,15,,,,,,,,,,娇小,全队的光属性妖怪技巧＋15,,,,
83,雪鼬,光,46,68,144,58,68,162,光,技,30,,,,,,,,,,娇小善良,全队的光属性妖怪技巧＋30,,,,
84,镰鼬,光,50,134,154,64,76,180,光,技,50,,,,,,,,,,娇小善良神仙,全队的光属性妖怪技巧＋50,,,气象局发言人,全队每人技巧×200%
85,小青梅,木,18,18,18,54,36,36,木,魅,0,0.6,,,,,,,,,娇小,全队的木属性妖怪魅力×160%,,,,
86,小美梅,木,42,46,42,126,110,62,木,魅,0,0.6,,,,,,,,,娇小呆萌,全队的木属性妖怪魅力×160%,,,,
87,青梅公举,木,68,82,68,204,178,150,木,魅,0,1,,,,,,,,,娇小呆萌妹纸,全队的木属性妖怪魅力×200%,,,青梅竹马,青梅竹马 力量+200
88,小竹笋,木,34,24,50,16,34,16,木,全,5,,,,,,,,,,娇小,全队的木属性妖怪全属性＋5,,,,
89,竹马君,木,110,52,124,34,70,34,木,全,5,,,,,,,,,,娇小呆萌,全队的木属性妖怪全属性＋5,,,,
90,竹马王子,木,194,76,210,54,162,54,木,全,5,,,,,,,,,,娇小呆萌善良,全队的木属性妖怪全属性＋5,,,青梅竹马,青梅竹马 力量+200
91,云儿,光,26,32,32,80,80,42,光,运,15,,,,,,,,,,吉祥,全队的光属性妖怪运气＋15,,,,
92,福神,光,50,62,62,150,150,74,光,运,30,,,,,,,,,,吉祥人形,全队的光属性妖怪运气＋30,,,,
93,紫微大帝,光,80,100,100,240,240,110,光,运,50,,,,,,,,,,吉祥人形神仙,全队的光属性妖怪运气＋50,,,白胖圆,运+450
94,元宝君,光,36,84,30,84,42,24,光,智,15,,,,,,,,,,吉祥,全队的光属性妖怪智慧＋15,,,,
95,禄神,光,66,154,54,154,76,44,光,智,30,,,,,,,,,,吉祥人形,全队的光属性妖怪智慧＋30,,,,
96,文昌帝君,光,102,242,86,242,120,76,光,智,50,,,,,,,,,,吉祥人形神仙,全队的光属性妖怪智慧＋50,,,白胖圆,运+450
97,桃儿,光,32,40,32,76,40,76,光,技,15,,,,,,,,,,吉祥,全队的光属性妖怪技巧＋15,,,,
98,寿神,光,56,70,56,148,70,148,光,技,30,,,,,,,,,,吉祥人形,全队的光属性妖怪技巧＋30,,,,
99,南极老人星,光,84,104,84,242,104,252,光,技,50,,,,,,,,,,吉祥人形神仙,全队的光属性妖怪技巧＋50,,,白胖圆,运+450
100,雪球,水,44,24,30,24,30,24,水,力,15,,,,,,,,,,冰冷,全队的水属性妖怪力量＋15,,,,
101,雪童,水,112,50,70,50,94,50,水,力,15,,,,,,,,,,冰冷人形,全队的水属性妖怪力量＋15,,,,
102,雪怪,水,204,84,120,84,170,84,水,力,15,,,,,,,,,,冰冷人形神秘,全队的水属性妖怪力量＋15,,,,
103,凡锦,水,40,34,94,34,50,40,水,速,15,,,,,,,,,,水性,全队的水属性妖怪速度＋15,,,,
104,龙门山,水,60,60,164,60,146,60,水,速,30,,,,,,,,,,水性神速,全队的水属性妖怪速度＋30,,,,
105,某海龙王,水,66,74,214,74,184,154,水,速,50,,,,,,,,,,水性神速龙族,全队的水属性妖怪速度＋50,,,气象局发言人,全队每人技巧×200%
106,猴精,土,24,54,24,18,24,32,地,全,5,,,,,,,,,,呆萌,全队的地属性妖怪全属性＋5,,,,
107,猴仙,土,44,128,44,44,110,60,地,全,5,,,,,,,,,,呆萌善良,全队的地属性妖怪全属性＋5,,,,
108,沐猴,土,50,146,106,44,122,72,地,全,5,,,,,,,,,,呆萌善良神秘,全队的地属性妖怪全属性＋5,,,,
109,斧尾,土,60,20,20,32,20,26,地,全,5,,,,,,,,,,武器,全队的地属性妖怪全属性＋5,,,,
110,石墩,土,102,34,34,46,46,46,地,全,5,,,,,,,,,,武器神勇,全队的地属性妖怪全属性＋5,,,,
111,石敢当,土,176,58,58,70,88,88,地,全,5,,,,,,,,,,武器神勇战士,全队的地属性妖怪全属性＋5,,,八种兵器,全队每人力速技 ＋233
112,烛灵,火,18,18,54,18,30,38,0,0,0,,,,,,,,,,呆萌,,,,,
113,蜡犬,火,30,34,94,30,34,84,火,全,5,,,,,,,,,,呆萌小眼睛,全队的火属性妖怪全属性＋5,,,,
114,蜡祭狮,火,54,54,166,54,54,154,火,全,5,,,,,,,,,,呆萌小眼睛善良,全队的火属性妖怪全属性＋5,,,奇葩马戏团,技巧+900
115,音符,木,18,22,34,18,28,56,木,全,5,,,,,,,,,,乐器,每增加一只木属性妖怪全属性＋5,,,,
116,悦鼓,木,30,30,86,30,34,94,木,全,5,,,,,,,,,,乐器呆萌,每增加一只木属性妖怪全属性＋5,,,,
117,鼓妖,木,54,54,154,54,54,166,木,全,5,,,,,,,,,,乐器呆萌人形,每增加一只木属性妖怪全属性＋5,,,六扇窗,速度＋500
118,珍蚌,水,30,18,26,56,26,20,水,魅,15,,,,,,,,,,自然,全队的水属性妖怪魅力＋15,,,,
119,角鱼,水,40,30,80,94,34,30,水,魅,15,,,,,,,,,,自然水性,全队的水属性妖怪魅力＋15,,,,
120,美牛鱼,水,64,54,152,162,54,54,水,魅,15,,,,,,,,,,自然水性善良,全队的水属性妖怪魅力＋15,,,,
121,寻香,水,56,18,18,28,18,36,水,技,15,,,,,,,,,,自然,全队的水属性妖怪技巧＋15,,,,
122,象拔兽,水,90,30,30,48,30,82,水,技,15,,,,,,,,,,自然呆萌,全队的水属性妖怪技巧＋15,,,,
123,虹吸仙象,水,154,50,50,96,50,138,水,技,15,,,,,,,,,,自然呆萌善良,全队的水属性妖怪技巧＋15,,,奇葩马戏团,技巧+900
124,渔仔,水,28,18,18,22,28,58,水,技,15,,,,,,,,,,呆萌,全队的水属性妖怪技巧＋15,,,,
125,渔常在,水,46,114,46,46,46,130,水,技,15,,,,,,,,,,呆萌老人家,全队的水属性妖怪技巧＋15,,,,
126,巨剑,土,88,28,44,34,38,64,地,力,30,,,,,,,,,,武器,全队的地属性妖怪力量＋30,,,,
127,狗头铡,土,132,44,48,52,56,96,地,力,30,,,,,,,,,,武器神勇,全队的地属性妖怪力量＋30,,,,
128,王四,土,204,68,68,82,88,150,地,力,30,,,,,,,,,,武器神勇人形,全队的地属性妖怪力量＋30,,,八种兵器,全队每人力速技 ＋233
129,戟虫,土,50,20,36,82,50,60,地,力,30,,,,,,,,,,武器,全队的地属性妖怪力量＋30,,,,
130,戟甲虫,土,116,26,48,112,58,66,地,力,30,,,,,,,,,,武器邪恶,全队的地属性妖怪力量＋30,,,,
131,稳重斯基,土,178,48,74,170,88,102,地,力,30,,,,,,,,,,武器邪恶战士,全队的地属性妖怪力量＋30,,,八种兵器,全队每人力速技 ＋233
132,勾鬼,土,52,82,16,36,36,72,地,力,30,,,,,,,,,,武器妖怪,全队的地属性妖怪力量＋30,,,,
133,勾屠,土,104,152,36,48,48,158,地,力,30,,,,,,,,,,武器妖怪人形,全队的地属性妖怪力量＋30,,,八种兵器,全队每人力速技 ＋233
134,马溜儿,木,50,50,80,40,40,40,木,速,0,0.6,,,,,,,,,善良,全队的木属性妖怪速度×160%,,,,
135,马车,木,60,60,120,40,40,100,木,速,0,0.6,,,,,,,,,善良机械,全队的木属性妖怪速度×160%,,,,
136,伯龙马,木,100,100,220,130,50,170,木,速,0,0.6,,,,,,,,,善良机械龙族,全队的木属性妖怪速度×160%,,,传销五人组,全队每人全属性＋88
137,角母,暗,28,54,18,20,18,38,暗,智,0,0.3,,,,,,,,,水性,全队的暗属性妖怪智慧×130%,,,,
138,墨老湿,暗,38,92,32,32,32,80,暗,智,0,0.3,,,,,,,,,水性娇小,全队的暗属性妖怪智慧×130%,,,,
139,墨角兽,暗,64,162,58,54,54,150,暗,智,0,0.3,,,,,,,,,水性娇小神秘,全队的暗属性妖怪智慧×130%,,,,
140,碟雕,光,58,18,50,18,18,18,光,技,15,,,,,,,,,,妖怪,全队的光属性妖怪技巧＋15,,,,
141,元首狮,光,96,30,90,30,30,36,光,技,15,,,,,,,,,,妖怪邪恶,全队的光属性妖怪技巧＋15,,,,
142,口角兽,光,162,56,156,56,56,56,光,技,15,,,,,,,,,,妖怪邪恶魁梧,全队的光属性妖怪技巧＋15,,,奇葩马戏团,技巧+900
143,一钱,光,18,18,18,18,44,62,地,力,15,,,,,,,,,,娇小,全队的地属性妖怪力量＋15,,,,
144,二炳,光,28,28,28,28,92,102,地,力,15,,,,,,,,,,娇小奇特,全队的地属性妖怪力量＋15,,,,
145,不留,光,50,50,50,50,160,178,地,力,15,,,,,,,,,,娇小奇特呆萌,全队的地属性妖怪力量＋15,,,,
146,白馒,土,52,20,16,26,42,16,地,力,15,,,,,,,,,,美食,全队的地属性妖怪力量＋15,,,,
147,黑白馒,土,96,32,32,38,80,32,地,力,15,,,,,,,,,,美食呆萌,全队的地属性妖怪力量＋15,,,,
148,乾坤子,土,134,44,44,48,112,44,地,力,15,,,,,,,,,,美食呆萌猫咪,全队的地属性妖怪力量＋15,,,,
149,肉痴,火,26,16,36,20,50,26,火,运,15,,,,,,,,,,美食,全队的火属性妖怪运气＋15,,,,
150,肉炬,火,44,28,76,32,84,44,火,运,15,,,,,,,,,,美食善良,全队的火属性妖怪运气＋15,,,,
151,豚燕,火,76,48,136,58,146,76,火,运,15,,,,,,,,,,美食善良神速,全队的火属性妖怪运气＋15,,,,
152,胖蝠,火,86,26,66,40,54,20,火,力,0,0.6,,,,,,,,,妖怪,全队的火属性妖怪力量×160%,,,,
153,贪猪,火,156,50,138,56,112,36,火,力,0,0.6,,,,,,,,,妖怪美食,全队的火属性妖怪力量×160%,,,,
154,朱彪,火,208,66,184,58,192,58,火,力,0,0.6,,,,,,,,,妖怪美食魁梧,全队的火属性妖怪力量×160%,,,传销五人组,全队每人全属性＋88
155,索灵,土,26,16,36,16,16,64,地,技,15,,,,,,,,,,呆萌,全队的地属性妖怪技巧＋15,,,,
156,绳精,土,28,28,88,28,28,108,地,技,15,,,,,,,,,,呆萌娇小,全队的地属性妖怪技巧＋15,,,,
157,寻金锁,土,52,52,148,52,52,180,地,技,15,,,,,,,,,,呆萌娇小神秘,全队的地属性妖怪技巧＋15,,,,
158,尖刹,水,64,20,24,24,22,22,水,力,30,,,,,,,,,,武器,全队的水属性妖怪力量＋30,,,,
159,罗刹,水,98,30,78,36,34,34,水,力,30,,,,,,,,,,武器人形,全队的水属性妖怪力量＋30,,,,
160,湿罗刹,水,164,50,142,62,62,62,水,力,30,,,,,,,,,,武器人形战士,全队的水属性妖怪力量＋30,,,八种兵器,全队每人力速技 ＋233
161,帘卷精,光,88,30,20,30,62,62,光,力,0,0.6,,,,,,,,,小眼睛,全队的光属性妖怪力量×160%,,,,
162,纤毛兽,光,160,56,38,38,114,140,光,力,0,0.6,,,,,,,,,小眼睛人形,全队的光属性妖怪力量×160%,,,,
163,黄呱呱,光,224,80,62,44,160,196,光,力,0,0.6,,,,,,,,,小眼睛人形战士,全队的光属性妖怪力量×160%,,,传销五人组,全队每人全属性＋88
164,猿樱,木,14,54,34,22,14,34,木,智,0,0.3,,,,,,,,,自然,全队的木属性妖怪智慧×130%,,,,
165,棉猿,木,26,94,78,30,26,54,木,智,0,0.3,,,,,,,,,自然妖怪,全队的木属性妖怪智慧×130%,,,,
166,蛇猿,木,46,164,146,46,46,92,木,智,0,0.3,,,,,,,,,自然妖怪奇特,全队的木属性妖怪智慧×130%,,,奇葩马戏团,技巧+900
167,裸架,木,16,22,52,26,36,22,木,速,0,0.3,,,,,,,,,奇特,全队的木属性妖怪速度×130%,,,,
168,刍形,木,26,36,88,46,76,36,木,速,0,0.3,,,,,,,,,奇特神速,全队的木属性妖怪速度×130%,,,,
169,刍狗,木,38,50,122,62,106,50,木,速,0,0.3,,,,,,,,,奇特神速妖怪,全队的木属性妖怪速度×130%,,,,
170,剑灵,光,24,160,24,76,50,76,光,智,30,,,,,,,,,,武器,全队的光属性妖怪智慧＋30,,,,
171,诗娃,光,40,208,40,118,54,208,光,智,30,,,,,,,,,,武器人形,全队的光属性妖怪智慧＋30,,,,
172,李白,光,48,244,130,138,80,244,光,智,30,,,,,,,,,,武器人形谋略,全队的光属性妖怪智慧＋30,,,八种兵器,全队每人力速技 ＋233
173,糖僧肉,土,20,118,8,114,126,28,地,智,0,1,,,,,,,,,善良,全队的地属性妖怪智慧×200%,,,,
174,糖僧,土,38,184,26,178,198,46,地,智,0,1,,,,,,,,,善良人形,全队的地属性妖怪智慧×200%,,,,
175,糖一炳,土,58,272,48,252,292,68,地,智,0,1,,,,,,,,,善良人形神仙,全队的地属性妖怪智慧×200%,,,传销五人组,全队每人全属性＋88
176,戟月,土,44,44,44,146,44,90,地,魅,30,,,,,,,,,,武器,全队的地属性妖怪魅力＋30,,,,
177,钺娃,土,64,64,64,214,64,200,地,魅,50,,,,,,,,,,武器妹纸,全队的地属性妖怪魅力＋50,,,,
178,洪玉儿,土,64,130,64,244,154,228,地,魅,50,,,,,,,,,,武器妹纸战士,全队的地属性妖怪魅力＋50,,,八种兵器,全队每人力速技 ＋233
179,猜,暗,28,28,28,92,58,58,暗,魅,15,,,,,,,,,,神秘,全队的暗属性妖怪魅力＋15,,,,
180,猜猜猜,暗,40,40,40,126,80,102,暗,魅,30,,,,,,,,,,神秘呆萌,全队的暗属性妖怪魅力＋30,,,,
181,谜画偶灵,暗,56,56,56,200,128,164,暗,魅,30,,,,,,,,,,神秘呆萌奇特,全队的暗属性妖怪魅力＋30,,,奇葩马戏团,技巧+900
182,木鼠,木,56,20,18,20,18,42,木,力,0,0.3,,,,,,,,,呆萌,全队的木属性妖怪力量×130%,,,,
183,樵有山,木,130,48,42,48,42,118,木,力,0,0.3,,,,,,,,,呆萌老人家,全队的木属性妖怪力量×130%,,,,
184,夜叉,暗,56,20,20,20,26,32,暗,力,15,,,,,,,,,,娇小,全队的暗属性妖怪力量＋15,,,,
185,夜游鬼,暗,128,40,110,44,52,52,暗,力,15,,,,,,,,,,娇小武器,全队的暗属性妖怪力量＋15,,,,
186,夜神月,暗,166,54,154,54,54,54,暗,力,15,,,,,,,,,,娇小武器呆萌,全队的暗属性妖怪力量＋15,,,八种兵器,全队每人力速技 ＋233
187,神棍,火,146,40,26,54,82,68,火,力,30,,,,,,,,,,神仙,全队的火属性妖怪力量＋30,,,,
188,不倒翁,火,218,60,40,74,184,88,火,力,30,,,,,,,,,,神仙善良,全队的火属性妖怪力量＋30,,,,
189,曹国舅,火,294,72,54,146,248,174,火,力,50,,,,,,,,,,神仙善良老人家,全队的火属性妖怪力量＋50,,,八仙过海,全队每人全属性+168
190,大宝剑,水,142,34,40,66,52,80,水,力,30,,,,,,,,,,武器,全队的水属性妖怪力量＋30,,,,壮年全属性+328
191,小道童,水,218,54,170,74,60,88,水,力,30,,,,,,,,,,武器神仙,全队的水属性妖怪力量＋30,,,,
192,吕洞宾,水,294,164,230,82,82,138,水,力,50,,,,,,,,,,武器神仙战士,全队的水属性妖怪力量＋50,,,八仙过海,全队每人全属性+168
193,豆附,土,10,58,22,50,62,90,地,智,15,,,,,,,,,,善良,全队的地属性妖怪智慧＋15,,,,壮年全属性+328
194,杜甫,土,38,114,38,92,92,176,地,智,30,,,,,,,,,,善良人形,全队的地属性妖怪智慧＋30,,,,
195,很忙的杜甫,土,46,138,54,120,92,212,地,智,30,,,,,,,,,,善良人形老人家,全队的地属性妖怪智慧＋30,,,豆腐拳,力技+200
196,单吊鬼,暗,16,24,22,20,52,40,暗,全,5,,,,,,,,,,娇小,每增加一只暗属性妖怪全属性＋5,,,,
197,梯吊鬼,暗,40,44,54,50,132,108,暗,全,5,,,,,,,,,,娇小神秘,每增加一只暗属性妖怪全属性＋5,,,,
198,鼎吊鬼,暗,50,56,68,62,166,136,暗,全,5,,,,,,,,,,娇小神秘奇特,每增加一只暗属性妖怪全属性＋5,,,,
199,大鲵,暗,58,20,28,18,28,18,木,全,5,,,,,,,,,,娇小,每增加一只木属性妖怪全属性＋5,,,,
200,山童,暗,128,46,64,42,64,84,木,全,5,,,,,,,,,,娇小呆萌,每增加一只木属性妖怪全属性＋5,,,,
201,蛮力客,暗,162,58,80,54,80,108,木,全,5,,,,,,,,,,娇小呆萌神勇,每增加一只木属性妖怪全属性＋5,,,六扇窗,速度＋500
202,葫芦妖,木,40,60,146,46,78,46,水,技,30,,,,,,,,,,神仙,全队的水属性妖怪技巧＋30,,,,
203,葫芦侠,木,60,60,218,48,82,198,水,技,30,,,,,,,,,,神仙神速,全队的水属性妖怪技巧＋30,,,,
204,铁拐李,木,90,70,324,110,130,262,水,技,50,,,,,,,,,,神仙神速老人家,全队的水属性妖怪技巧＋50,,,八仙过海,全队每人全属性+168
205,邪骨灵,暗,58,18,18,18,28,32,暗,力,15,,,,,,,,,,娇小,全队的暗属性妖怪力量＋15,,,,壮年全属性+328
206,面假,暗,126,42,84,42,62,72,暗,力,15,,,,,,,,,,娇小邪恶,全队的暗属性妖怪力量＋15,,,,
207,鬼斩骨,暗,160,52,106,52,80,90,暗,力,15,,,,,,,,,,娇小邪恶战士,全队的暗属性妖怪力量＋15,,,,
208,洞箫,水,42,58,28,156,58,72,水,魅,30,,,,,,,,,,妹纸,全队的水属性妖怪魅力＋30,,,,
209,寒仙子,水,66,164,28,238,88,82,水,魅,30,,,,,,,,,,妹纸乐器,全队的水属性妖怪魅力＋30,,,,
210,韩湘子,水,80,198,170,288,108,144,水,魅,50,,,,,,,,,,妹纸乐器神仙,全队的水属性妖怪魅力＋50,,,八仙过海,全队每人全属性+168
211,芭蕉叶,火,34,34,48,68,84,148,火,速,30,,,,,,,,,,小眼睛,全队的火属性妖怪速度＋30,,,,壮年全属性+328
212,枫叶渡,火,38,38,186,78,92,234,火,速,30,,,,,,,,,,小眼睛神仙,全队的火属性妖怪速度＋30,,,,
213,汉钟离,火,46,132,228,94,200,286,火,速,50,,,,,,,,,,小眼睛神仙老人家,全队的火属性妖怪速度＋50,,,八仙过海,全队每人全属性+168
214,莲灵,水,48,62,82,146,48,28,水,魅,30,,,,,,,,,,水性,全队的水属性妖怪魅力＋30,,,,壮年全属性+328
215,藕仙子,水,80,160,96,240,56,40,水,魅,30,,,,,,,,,,水性妹纸,全队的水属性妖怪魅力＋30,,,,
216,何仙姑,水,96,194,96,292,156,156,水,魅,50,,,,,,,,,,水性妹纸神仙,全队的水属性妖怪魅力＋50,,,八仙过海,全队每人全属性+168
217,莲精,水,36,76,56,36,56,154,水,技,30,,,,,,,,,,妹纸,全队的水属性妖怪技巧＋30,,,,壮年全属性+328
218,采花小君,水,44,96,70,198,70,192,水,技,30,,,,,,,,,,妹纸吉祥,全队的水属性妖怪技巧＋30,,,,
219,蓝采和,水,62,164,100,228,164,272,水,技,50,,,,,,,,,,妹纸吉祥神仙,全队的水属性妖怪技巧＋50,,,八仙过海,全队每人全属性+168
220,方中,暗,14,26,54,20,26,32,暗,速,15,,,,,,,,,,呆萌,全队的暗属性妖怪速度＋15,,,,壮年全属性+328
221,方串,暗,38,52,132,42,52,114,暗,速,15,,,,,,,,,,呆萌神秘,全队的暗属性妖怪速度＋15,,,,
222,方元姬,暗,48,62,172,48,62,148,暗,速,15,,,,,,,,,,呆萌神秘妹纸,全队的暗属性妖怪速度＋15,,,,
223,枇杷,光,18,26,18,32,26,54,光,技,15,,,,,,,,,,善良,全队的光属性妖怪技巧＋15,,,,
224,钰琵琶,光,40,62,40,100,62,124,光,技,15,,,,,,,,,,善良乐器,全队的光属性妖怪技巧＋15,,,,
225,王昭君,光,52,78,52,124,78,156,光,技,15,,,,,,,,,,善良乐器妹纸,全队的光属性妖怪技巧＋15,,,,
226,玄火,暗,56,28,22,34,18,18,暗,力,15,,,,,,,,,,娇小,全队的暗属性妖怪力量＋15,,,,
227,秘灯,暗,130,64,52,96,42,42,暗,力,15,,,,,,,,,,娇小妖怪,全队的暗属性妖怪力量＋15,,,,
228,黄泉引路姬,暗,154,76,60,148,50,50,暗,力,15,,,,,,,,,,娇小妖怪妹纸,全队的暗属性妖怪力量＋15,,,,
229,雪灵珠,水,56,18,16,24,30,36,水,力,15,,,,,,,,,,善良,全队的水属性妖怪力量＋15,,,,
230,雪顶,水,126,38,108,42,52,60,水,力,15,,,,,,,,,,善良妖怪,全队的水属性妖怪力量＋15,,,,
231,玉照夜狮子,水,156,44,140,56,66,78,水,力,15,,,,,,,,,,善良妖怪魁梧,全队的水属性妖怪力量＋15,,,奇葩马戏团,技巧+900
232,锤子,土,140,70,84,56,42,28,地,力,30,,,,,,,,,,奇特,全队的地属性妖怪力量＋30,,,,
233,锤丸君,土,214,84,206,64,50,50,地,力,30,,,,,,,,,,奇特呆萌,全队的地属性妖怪力量＋30,,,,
234,张果老,土,294,88,216,78,156,156,地,力,50,,,,,,,,,,奇特呆萌神仙,全队的地属性妖怪力量＋50,,,八仙过海,全队每人全属性+168
235,瞳灵,暗,26,18,26,62,18,26,暗,魅,15,,,,,,,,,,小眼睛,全队的暗属性妖怪魅力＋15,,,,壮年全属性+328
236,独眼精,暗,52,52,68,148,42,68,暗,魅,15,,,,,,,,,,小眼睛神秘,全队的暗属性妖怪魅力＋15,,,,
237,贞珠,暗,66,66,86,186,52,86,暗,魅,15,,,,,,,,,,小眼睛神秘妹纸,全队的暗属性妖怪魅力＋15,,,,
238,绿狂,土,54,26,22,22,26,26,地,力,15,,,,,,,,,,美食,全队的地属性妖怪力量＋15,,,,
239,吃狂,土,138,60,54,54,60,60,地,力,15,,,,,,,,,,美食呆萌,全队的地属性妖怪力量＋15,,,,
240,吃呆,土,180,72,72,72,72,72,地,力,15,,,,,,,,,,美食呆萌善良,全队的地属性妖怪力量＋15,,,,
241,弦女,土,32,48,20,60,32,102,地,全,5,,,,,,,,,,乐器,每增加一只地属性妖怪全属性＋5,,,,
242,琴娃,土,52,76,38,114,76,192,地,全,10,,,,,,,,,,乐器妹纸,每增加一只地属性妖怪全属性＋10,,,,
243,魔音,土,66,82,48,124,132,208,地,全,10,,,,,,,,,,乐器妹纸神仙,每增加一只地属性妖怪全属性＋10,,,琴棋书画,魅力＋520 技巧＋520 
244,棋灵,暗,10,86,22,36,74,64,暗,全,5,,,,,,,,,,神秘,每增加一只暗属性妖怪全属性＋5,,,,
245,棋妖,暗,26,156,46,60,150,108,暗,全,10,,,,,,,,,,神秘谋略,每增加一只暗属性妖怪全属性＋10,,,,
246,棋魂,暗,44,190,60,76,168,122,暗,全,10,,,,,,,,,,神秘谋略奇特,每增加一只暗属性妖怪全属性＋10,,,琴棋书画,魅力＋520 技巧＋520 
247,墨悬,水,14,46,30,78,30,94,水,全,5,,,,,,,,,,妹纸,每增加一只水属性妖怪全属性＋5,,,,
248,笔支,水,26,148,46,106,60,160,水,全,10,,,,,,,,,,妹纸呆萌,每增加一只水属性妖怪全属性＋10,,,,
249,笔仙,水,36,166,52,112,112,180,水,全,10,,,,,,,,,,妹纸呆萌神仙,每增加一只水属性妖怪全属性＋10,,,琴棋书画,魅力＋520 技巧＋520 
250,画精,木,70,26,10,90,26,70,木,全,5,,,,,,,,,,娇小,每增加一只木属性妖怪全属性＋5,,,,
251,画童,木,108,46,26,156,60,150,木,全,10,,,,,,,,,,娇小善良,每增加一只木属性妖怪全属性＋10,,,,
252,神笔马良,木,112,52,36,186,112,164,木,全,10,,,,,,,,,,娇小善良奇特,每增加一只木属性妖怪全属性＋10,,,琴棋书画,魅力＋520 技巧＋520 
253,小手铐,光,42,30,46,12,64,100,光,全,5,,,,,,,,,,奇特,全队的光属性妖怪全属性＋5,,,,
254,手铐侠,光,86,42,68,24,128,198,光,全,5,,,,,,,,,,奇特妖怪,全队的光属性妖怪全属性＋5,,,,
255,白无常,光,106,58,88,38,146,224,光,全,5,,,,,,,,,,奇特妖怪邪恶,全队的光属性妖怪全属性＋5,,,奥利奥,力量+200
256,令牌君,暗,62,14,30,46,46,94,暗,全,5,,,,,,,,,,奇特,全队的暗属性妖怪全属性＋5,,,,
257,令牌使,暗,150,36,60,60,60,180,暗,全,5,,,,,,,,,,奇特妖怪,全队的暗属性妖怪全属性＋5,,,,
258,黑无常,暗,192,38,66,66,66,230,暗,全,5,,,,,,,,,,奇特妖怪邪恶,全队的暗属性妖怪全属性＋5,,,奥利奥,力量+200
259,菊花,土,28,28,8,56,18,36,光,速,0,0.3,,,,,,,,,善良,全队的光属性妖怪速度×130%,,,,
260,菊少年,土,48,48,24,144,108,60,光,速,0,0.3,,,,,,,,,善良人形,全队的光属性妖怪速度×130%,,,,
261,菊爷,土,58,58,28,174,144,80,光,速,0,0.3,,,,,,,,,善良人形老人家,全队的光属性妖怪速度×130%,,,梅兰竹菊,全属性+120
262,竹苗,木,16,26,18,62,26,26,木,技,0,0.3,,,,,,,,,善良,全队的木属性妖怪技巧×130%,,,,
263,林绿儿,木,36,42,42,142,62,104,木,技,0,0.3,,,,,,,,,善良人形,全队的木属性妖怪技巧×130%,,,,
264,林呆呆,木,46,58,52,176,78,130,木,技,0,0.3,,,,,,,,,善良人形妹纸,全队的木属性妖怪技巧×130%,,,梅兰竹菊,全属性+120
265,梅妃,火,18,26,42,72,42,96,火,技,0,0.3,,,,,,,,,善良,全队的火属性妖怪技巧×130%,,,,
266,梅澜,火,40,40,64,144,64,200,火,技,0,0.3,,,,,,,,,善良人形,全队的火属性妖怪技巧×130%,,,,
267,梅鹤鸣,火,48,48,68,178,68,248,火,技,0,0.3,,,,,,,,,善良人形妹纸,全队的火属性妖怪技巧×130%,,,梅兰竹菊,全属性+120
268,月光兰,水,64,50,88,50,20,24,暗,速,0,0.3,,,,,,,,,善良,全队的暗属性妖怪速度×130%,,,,
269,月光士,水,130,72,182,72,42,50,暗,速,0,0.3,,,,,,,,,善良人形,全队的暗属性妖怪速度×130%,,,,
270,名将森兰丸,水,152,76,212,76,50,92,暗,速,0,0.3,,,,,,,,,善良人形战士,全队的暗属性妖怪速度×130%,,,梅兰竹菊,全属性+120
271,狸灵,土,18,42,26,72,96,42,地,全,10,,,,,,,,,,猫咪,每增加一只地属性妖怪全属性＋10,,,,
272,狸褓,土,38,62,38,150,196,62,地,全,10,,,,,,,,,,猫咪人形,每增加一只地属性妖怪全属性＋10,,,,
273,狸世民,土,48,68,48,184,244,68,地,全,10,,,,,,,,,,猫咪人形谋略,每增加一只地属性妖怪全属性＋10,,,,
274,红孩儿,火,20,18,34,56,24,24,0,0,0,,,,,,,,,,自然,,,,,
275,阿椒,火,50,46,88,140,50,50,0,0,0,,,,,,,,,,自然人形,,,,,
276,辣子姬,火,68,62,100,188,62,62,0,0,0,,,,,,,,,,自然人形妹纸,,,,地三鲜,运气＋150
277,紫果,暗,56,18,28,28,24,20,0,0,0,,,,,,,,,,自然,,,,,
278,茄凡,暗,138,46,68,68,54,50,0,0,0,,,,,,,,,,自然人形,,,,,
279,大茄师傅,暗,176,58,88,88,70,64,0,0,0,,,,,,,,,,自然人形美食,,,,地三鲜,运气＋150
280,吕布,暗,154,30,76,56,30,68,暗,力,0,0.3,,,,,,,,,善良,全队的暗属性妖怪力量×130%,,,,
281,吕奉先,暗,222,44,178,82,44,100,暗,力,0,0.6,,,,,,,,,善良战士,全队的暗属性妖怪力量×160%,,,,
282,名将吕布威登,暗,330,66,248,124,66,156,暗,力,0,1,,,,,,,,,善良战士神勇,全队的暗属性妖怪力量×200%,,,驰名商标,速度+200 魅力+200
283,迷你貂,火,36,70,42,168,28,70,火,魅,0,0.3,,,,,,,,,娇小,全队的火属性妖怪魅力×130%,,,,四阶速度+300 魅力+300
284,貂女,火,52,118,64,236,40,158,火,魅,0,0.6,,,,,,,,,娇小呆萌,全队的火属性妖怪魅力×160%,,,,
285,倾国美女貂蝉,火,68,160,98,304,52,204,火,魅,0,1,,,,,,,,,娇小呆萌妹纸,全队的火属性妖怪魅力×200%,,,驰名商标,速度+200 魅力+200
286,法糕,光,22,52,40,22,92,66,地,全,5,,,,,,,,,,善良,每增加一只地属性妖怪全属性＋5,,,,四阶速度+300 魅力+300
287,法号,光,42,86,70,42,178,128,地,全,5,,,,,,,,,,善良人形,每增加一只地属性妖怪全属性＋5,,,,
288,法海,光,60,110,110,60,250,180,地,全,5,,,,,,,,,,善良人形老人家,每增加一只地属性妖怪全属性＋5,,,法海别捣乱,全队属性下降！！
289,壶精,土,22,42,14,24,14,60,0,0,0,,,,,,,,,,善良,,,,,
290,药童,土,50,120,34,54,34,136,0,0,0,,,,,,,,,,善良人形,,,,,
291,名医许仙,土,62,152,44,68,44,170,0,0,0,,,,,,,,,,善良人形神秘,,,,法海别捣乱,全队属性下降！！
292,白奶精,光,26,58,94,70,44,4,光,全,5,,,,,,,,,,善良,每增加一只光属性妖怪全属性＋5,,,,
293,白蛇魅,光,40,80,168,128,56,80,光,全,5,,,,,,,,,,善良妹纸,每增加一只光属性妖怪全属性＋5,,,,
294,白娘子,光,40,92,214,162,60,92,光,全,5,,,,,,,,,,善良妹纸妖怪,每增加一只光属性妖怪全属性＋5,,,法海别捣乱,全队属性下降！！
295,抹茶精,木,16,24,30,30,56,24,0,0,0,,,,,,,,,,善良,,,,,
296,青蛇魅,木,36,42,70,108,130,42,0,0,0,,,,,,,,,,善良妹纸,,,,,
297,小青,木,48,48,90,138,168,48,0,0,0,,,,,,,,,,善良妹纸妖怪,,,,法海别捣乱,全队属性下降！！
298,鱼粥,水,32,42,90,54,42,36,水,智,0,0.3,,,,,,,,,呆萌,全队的水属性妖怪智慧×130%,,,,
299,海军都督,水,56,74,156,124,74,62,水,智,0,0.3,,,,,,,,,呆萌谋略,全队的水属性妖怪智慧×130%,,,,
300,周瑜,水,78,104,218,174,104,86,水,智,0,0.3,,,,,,,,,呆萌谋略战士,全队的水属性妖怪智慧×130%,,,政治婚姻,魅力+250
301,电符,光,34,34,34,54,44,98,光,技,30,,,,,,,,,,娇小,全队的光属性妖怪技巧＋30,,,,
302,电锣,光,62,56,56,138,56,182,光,技,30,,,,,,,,,,娇小呆萌,全队的光属性妖怪技巧＋30,,,,
303,电母,光,86,78,78,192,78,254,光,技,30,,,,,,,,,,娇小呆萌神仙,全队的光属性妖怪技巧＋30,,,气象局发言人,全队每人技巧×200%
304,小草鞋,土,34,38,26,102,54,38,地,魅,15,,,,,,,,,,小眼睛,全队的地属性妖怪魅力＋15,,,,
305,鞋匠,土,62,138,48,178,62,62,地,魅,30,,,,,,,,,,小眼睛人形,全队的地属性妖怪魅力＋30,,,,
306,刘备,土,86,212,66,250,76,76,地,魅,50,,,,,,,,,,小眼睛人形战士,全队的地属性妖怪魅力＋50,,,三个臭皮匠,力量＋450 速度＋450
307,狡兔,土,88,44,44,26,44,44,地,力,0,1,,,,,,,,,邪恶,全队的地属性妖怪力量×200%,,,,
308,蓑笠翁,土,142,74,142,44,74,74,地,力,0,1,,,,,,,,,邪恶战士,全队的地属性妖怪力量×200%,,,,
309,张飞,土,198,102,198,62,102,102,地,力,0,1,,,,,,,,,邪恶战士神勇,全队的地属性妖怪力量×200%,,,三个臭皮匠,力量＋450 速度＋450
310,小金星,光,40,54,44,170,54,54,光,魅,0,1,,,,,,,,,神秘,全队的光属性妖怪魅力×200%,,,,
311,星道士,光,56,128,64,218,128,76,光,魅,0,1,,,,,,,,,神秘老人家,全队的光属性妖怪魅力×200%,,,,
312,太白金星,光,82,184,92,316,184,130,光,魅,0,1,光,运,30,,,,,,神秘老人家神仙,全队的光属性妖怪魅力×200%,全队的光属性妖怪运气＋30,,,
313,净瓶,水,42,54,42,168,0,54,光,魅,0,1,,,,,,,,,善良,全队的光属性妖怪魅力×200%,,,,
314,净瓶侍女,水,48,90,48,248,90,144,光,魅,0,1,,,,,,,,,善良妹纸,全队的光属性妖怪魅力×200%,,,,
315,观世音,水,58,198,58,318,158,198,光,魅,0,1,光,魅,30,,,,,,善良妹纸神仙,全队的光属性妖怪魅力×200%,全队的光属性妖怪魅力＋30,,,
316,粽妮,木,26,18,26,62,18,26,,,,,,,,,,,,,美食,,,,,
317,白白,木,38,38,48,106,30,48,,,,,,,,,,,,,美食善良,,,,,
318,白美甜,木,66,66,86,186,52,86,,,,,,,,,,,,,美食善良妹纸,,,,端午传说,全属性+300
319,粽仔,木,62,18,26,26,18,26,,,,,,,,,,,,,美食,,,,,
320,小鲜肉,木,102,36,46,46,28,46,,,,,,,,,,,,,美食小眼睛,,,,,
321,腹黑仔,木,178,64,82,82,50,82,,,,,,,,,,,,,美食小眼睛奇特,,,,端午传说,全属性+300
322,离卷,木,46,108,30,78,62,88,木,全,10,,,,,,,,,,谋略,每增加一只木属性妖怪全属性＋10,,,,
323,骚年,木,74,168,48,138,98,138,木,全,10,,,,,,,,,,谋略人形,每增加一只木属性妖怪全属性＋10,,,,
324,屈原,木,98,224,66,184,132,184,木,全,10,,,,,,,,,,谋略人形水性,每增加一只木属性妖怪全属性＋10,,,端午传说,全属性+300
325,鸠团,暗,18,58,136,58,30,116,暗,速,0,0.3,,,,,,,,,邪恶,全队的暗属性妖怪速度×200%,,,,
326,枭偶,暗,30,92,218,92,48,186,暗,速,0,0.6,暗,全,5,,,,,,邪恶人形,全队的暗属性妖怪速度×200%,每增加一只暗属性妖怪全属性＋5,,,
327,枭雄曹操,暗,46,138,322,138,72,276,暗,速,0,1,暗,全,10,,,,,,邪恶人形神速,全队的暗属性妖怪速度×200%,每增加一只暗属性妖怪全属性＋10,,,
328,布布,火,20,40,36,100,32,72,火,全,5,,,,,,,,,,美食,每增加一只火属性妖怪全属性＋5,,,,
329,西子,火,36,72,66,184,58,132,火,全,5,,,,,,,,,,美食人形,每增加一只火属性妖怪全属性＋5,,,,
330,美女西施,火,50,102,92,256,82,184,火,全,5,,火,魅,15,,,,,,美食人形妹纸,每增加一只火属性妖怪全属性＋5,全队的光属性妖怪魅力＋15,,,
331,咚仔,水,20,100,36,72,32,40,水,智,15,,,,,,,,,,神秘,全队的水属性妖怪智慧＋15,,,,
332,迷少年,水,36,184,66,132,58,72,水,智,30,,,,,,,,,,神秘人形,全队的水属性妖怪智慧＋30,,,,
333,谋士荀彧,水,50,256,92,184,82,102,水,智,50,,,,,,,,,,神秘人形谋略,全队的水属性妖怪智慧＋50,,,,
334,荔解,火,28,90,32,36,46,64,火,智,15,,,,,,,,,,小眼睛,全队的火属性妖怪智慧＋15,,,,
335,书会,火,52,166,60,66,86,120,火,智,15,,,,,,,,,,小眼睛人形,全队的火属性妖怪智慧＋15,,,,
336,大三元,火,74,232,82,92,120,166,火,智,15,,火,全,5,,,,,,小眼睛人形善良,全队的火属性妖怪智慧＋15,全队的火属性妖怪全属性＋5,,,
337,弦仔,光,26,34,50,40,60,84,光,技,30,,,,,,,,,,乐器,全队的光属性妖怪技巧＋30,,,,
338,慈悲琴,光,50,62,94,74,112,156,光,技,30,,,,,,,,,,乐器神秘,全队的光属性妖怪技巧＋30,,,,
339,持国天王,光,70,86,130,104,156,218,光,技,30,,,,,,,,,,乐器神秘神仙,全队的光属性妖怪技巧＋30,,,四大天王,力量+400 技巧+400
340,伞灵,木,84,26,60,50,34,40,木,力,30,,,,,,,,,,奇特,全队的木属性妖怪力量＋30,,,,
341,伞不离,木,156,50,112,94,62,74,木,力,30,,,,,,,,,,奇特神秘,全队的木属性妖怪力量＋30,,,,
342,多闻天王,木,218,70,156,130,86,104,木,力,30,,,,,,,,,,奇特神秘神仙,全队的木属性妖怪力量＋30,,,四大天王,力量+400 技巧+400
343,火烧,火,34,84,26,60,40,50,火,智,30,,,,,,,,,,奇特,全队的火属性妖怪智慧＋30,,,,
344,赤仔,火,62,156,50,112,74,94,火,智,30,,,,,,,,,,奇特神秘,全队的火属性妖怪智慧＋30,,,,
345,广目天王,火,86,218,70,156,104,130,火,智,30,,,,,,,,,,奇特神秘神仙,全队的火属性妖怪智慧＋30,,,四大天王,力量+400 技巧+400
346,众生剑,水,60,26,40,84,50,34,水,魅,30,,,,,,,,,,武器,全队的水属性妖怪魅力＋30,,,,
347,琉璃埵护者,水,112,50,74,156,94,62,水,魅,30,,,,,,,,,,武器神秘,全队的水属性妖怪魅力＋30,,,,
348,增长天王,水,156,70,104,218,130,86,水,魅,30,,,,,,,,,,武器神秘神仙,全队的水属性妖怪魅力＋30,,,四大天王,力量+400 技巧+400
349,精卫,土,40,26,60,84,50,34,地,魅,0,0.3,,,,,,,,,美食,全队的地属性妖怪魅力×130%,,,,
350,女娃,土,74,50,112,156,94,62,地,魅,0,0.3,,,,,,,,,美食妹纸,全队的地属性妖怪魅力×130%,,,,
351,神农之女,土,104,70,156,218,130,86,地,魅,0,0.6,,,,,,,,,美食妹纸神仙,全队的地属性妖怪魅力×130%,,,,
352,捆柴桑,土,26,18,62,22,18,30,地,全,5,,,,,,,,,,自然,每增加一只地属性妖怪全属性＋5,,,,
353,柴犬酱,土,72,50,144,50,40,72,地,全,5,,,,,,,,,,自然善良,每增加一只地属性妖怪全属性＋5,,,,
354,柴可夫司机,土,110,62,172,62,48,86,地,全,5,,,,,,,,,,自然善良魁梧,每增加一只地属性妖怪全属性＋5,,,七无害,全队每人运气×200%
355,盐灰坨,暗,140,56,20,114,46,40,暗,力,50,,,,,,,,,,小眼睛,全队的暗属性妖怪力量＋50,,,,
356,盐查令,暗,224,90,32,182,74,66,暗,力,50,,,,,,,,,,小眼睛人形,全队的暗属性妖怪力量＋50,,,,
357,地狱盐王,暗,296,120,44,242,98,88,暗,力,50,,暗,全,10,,,,,,小眼睛人形神仙,全队的暗属性妖怪力量＋50,每增加一只暗属性妖怪全属性＋10,,七无害,全队每人运气×200%
358,牛头琴,火,114,20,42,62,46,130,火,全,0,,,,,,,,,,乐器,四只火火属性妖怪全属性＋30,,,,
359,琴音使,火,184,32,66,100,74,210,火,全,0,,,,,,,,,,乐器人形,四只火火属性妖怪全属性＋60,,,,
360,囚牛,火,272,48,98,148,110,310,火,全,0,,,,,,,,,,乐器人形龙族,四只火火属性妖怪全属性＋100,,,,
361,圆方,暗,20,60,48,120,32,140,暗,全,0,,,,,,,,,,神秘,四只暗暗属性妖怪全属性＋30,,,,
362,吞剑仔,暗,30,94,82,190,50,222,暗,全,0,,,,,,,,,,神秘人形,四只暗暗属性妖怪全属性＋60,,,,
363,睚眦,暗,46,138,130,278,74,324,暗,全,0,,,,,,,,,,神秘人形龙族,四只暗暗属性妖怪全属性＋100,,,,
364,风仔,水,58,58,128,46,72,50,水,全,0,,,,,,,,,,奇特,四只水水属性妖怪全属性＋30,,,,
365,风仆,水,94,94,206,76,118,82,水,全,0,,,,,,,,,,奇特人形,四只水水属性妖怪全属性＋60,,,,
366,嘲风,水,138,138,304,112,174,122,水,全,0,,,,,,,,,,奇特人形龙族,四只水水属性妖怪全属性＋100,,,,
367,遗双,土,32,48,20,60,130,122,地,全,0,,,,,,,,,,呆萌,四只地地属性妖怪全属性＋30,,,,
368,恐轻,土,52,84,32,98,208,196,地,全,0,,,,,,,,,,呆萌妖怪,四只地地属性妖怪全属性＋60,,,,
369,蒲牢,土,76,132,46,142,306,286,地,全,0,,,,,,,,,,呆萌妖怪龙族,四只地地属性妖怪全属性＋100,,,,
370,米迷,光,26,16,26,60,16,30,光,魅,15,,,,,,,,,,美食,全队的光属性妖怪魅力＋15,,,,
371,饭小团,光,70,50,60,140,40,70,光,魅,15,,,,,,,,,,美食呆萌,全队的光属性妖怪魅力＋15,,,,
372,咩咩魅,光,108,60,72,168,48,84,光,魅,15,,,,,,,,,,美食呆萌妹纸,全队的光属性妖怪魅力＋15,,,七无害,全队每人运气×200%
373,矮油,火,24,22,26,24,18,58,火,技,15,,,,,,,,,,奇特,全队的火属性妖怪技巧＋15,,,,
374,油条条,火,68,54,64,58,44,138,火,技,15,,,,,,,,,,奇特美食,全队的火属性妖怪技巧＋15,,,,
375,油条兄弟,火,106,64,76,70,52,166,火,技,15,,,,,,,,,,奇特美食人形,全队的火属性妖怪技巧＋15,,,七无害,全队每人运气×200%
376,酱仔,土,96,36,40,40,44,36,地,力,30,,,,,,,,,,美食,全队的地属性妖怪力量＋30,,,,
377,狸弯,土,174,68,86,74,80,68,地,力,30,,,,,,,,,,美食善良,全队的地属性妖怪力量＋30,,,,
378,酱军,土,200,78,128,84,92,78,地,力,30,,,,,,,,,,美食善良神勇,全队的地属性妖怪力量＋30,,,七无害,全队每人运气×200%
379,龟地,木,50,70,20,50,60,150,木,全,30,,,,,,,,,,自然,四只木木属性妖怪全属性＋30,,,,
380,龟车,木,100,110,40,80,100,230,木,全,60,,,,,,,,,,自然机械,四只木木属性妖怪全属性＋60,,,,
381,赑屃,木,160,150,50,110,130,290,木,全,100,,,,,,,,,,自然机械龙族,四只木木属性妖怪全属性＋100,,,,
382,迷归,土,146,50,58,72,36,54,地,力,0,0.6,,,,,,,,,小眼睛,全队的地属性妖怪力量×160%,,,,
383,狮似,土,228,78,92,114,56,100,地,力,0,0.6,,,,,,,,,小眼睛美食,全队的地属性妖怪力量×160%,,,,
384,狻猊,土,290,100,118,144,72,162,地,力,0,1,,,,,,,,,小眼睛美食龙族,全队的地属性妖怪力量×200%,,,,
385,黑塔匣,水,20,24,28,26,16,62,水,速,15,,,,,,,,,,美食,全队的水属性妖怪速度＋15,,,,
386,杜康女,水,46,56,66,72,40,146,水,速,15,,,,,,,,,,美食妹纸,全队的水属性妖怪速度＋15,,,,
387,醋母,水,56,68,80,112,50,174,水,速,15,,,,,,,,,,美食妹纸人形,全队的水属性妖怪速度＋15,全队运气×200%,,七无害,全队每人运气×200%
388,甲球,木,44,56,22,44,32,96,木,技,30,,,,,,,,,,呆萌,全队的木属性妖怪技巧＋30,,,,
389,球仔,木,94,100,40,80,60,174,木,技,30,,,,,,,,,,呆萌人形,全队的木属性妖怪技巧＋30,,,,
390,玄武仙人,木,138,116,46,92,68,200,木,技,30,,,,,,,,,,呆萌人形老人家,全队的木属性妖怪技巧＋30,,,,
391,玄鸟,火,76,68,82,76,178,68,火,运,0,0.6,,,,,,,,,自然,全队的火属性妖怪运气×160%,,,,
392,七宿仙人,火,104,82,98,90,210,82,火,运,0,0.6,,,,,,,,,自然人形,全队的火属性妖怪运气×160%,,,,
393,南七宿朱雀,火,192,116,138,128,298,116,火,运,0,1,,,,,,,,,自然人形神仙,全队的火属性妖怪运气×200%,,,,
394,绿幽,木,24,22,26,56,24,26,木,全,5,,,,,,,,,,自然,全队的木属性妖怪全属性＋5,,,,
395,绿茶魅,木,46,36,42,94,46,42,木,全,5,,,,,,,,,,自然妹纸,全队的木属性妖怪全属性＋5,,,,
396,绿茶姬,木,96,58,70,150,96,70,木,全,5,,,,,,,,,,自然妹纸善良,全队的木属性妖怪全属性＋5,,,七无害,全队每人运气×200%
397,惊毛,火,58,54,64,58,44,138,火,运,15,,火,力,15,,火,全,10,,善良,全队的火属性妖怪运气＋15,全队的火属性妖怪力量＋15,每增加一只火属性妖怪全属性＋10,,
398,凛然,火,108,84,100,92,68,216,火,运,30,,火,力,30,,火,全,10,,善良龙族,全队的火属性妖怪运气＋30,全队的火属性妖怪力量＋30,每增加一只火属性妖怪全属性＋10,,
399,狴犴,火,176,106,126,116,88,274,火,运,50,,火,力,50,,火,全,10,,善良龙族谋略,全队的火属性妖怪运气＋50,全队的火属性妖怪力量＋50,每增加一只火属性妖怪全属性＋10,,
400,槽,光,64,34,28,38,40,90,光,技,0,0.3,,,,,,,,,自然,全队的光属性妖怪技巧×130%,,,,
401,卧槽,光,92,50,40,54,60,130,光,技,0,0.3,,,,,,,,,自然邪恶,全队的光属性妖怪技巧×130%,,,,
402,卧槽马,光,118,64,52,70,76,166,光,技,0,0.3,,,,,,,,,自然邪恶奇特,全队的光属性妖怪技巧×130%,,,,
403,古卷,木,26,92,30,40,42,66,木,智,30,,,,,,,,,,谋略,全队的木属性妖怪智慧＋30,,,,
404,书呆,木,38,134,42,56,62,96,木,智,30,,,,,,,,,,谋略人形,全队的木属性妖怪智慧＋30,,,,
405,文曲星,木,68,240,76,102,110,170,木,智,30,,,,,,,,,,谋略人形老人家,全队的木属性妖怪智慧＋30,,,,
406,御蜥,光,40,30,176,74,150,80,光,速,0,,,,,,,,,,自然,四只光光属性妖怪速度＋50,,,,
407,御风蛟,光,48,36,214,90,182,96,光,速,0,,,,,,,,,,自然龙族,四只光光属性妖怪速度＋100,,,,
408,负屃,光,72,54,316,134,270,144,光,速,0,,,,,,,,,,自然龙族神仙,四只光光属性妖怪速度＋200,,,,
409,吃藕鱼,火,134,38,72,56,42,72,水,力,0,0.6,,,,,,,,,美食,全队的水属性妖怪力量×160%,,,,
410,吃蚊兽,火,216,60,116,92,68,116,水,力,0,0.6,,,,,,,,,美食龙族,全队的水属性妖怪力量×160%,,,,
411,螭吻,火,286,82,152,122,92,152,水,力,0,0.6,火,力,50,,,,,,美食龙族神勇,全队的水属性妖怪力量×160%,全队的火属性妖怪力量＋50,,,
412,眯眼狼,暗,38,34,28,90,40,64,暗,智,15,,,,,,,,,,小眼睛,全队的暗属性妖怪智慧＋15,,,,
413,贪心掌柜,暗,54,50,40,130,60,92,暗,智,15,,,,,,,,,,小眼睛小眼睛,全队的暗属性妖怪智慧＋15,,,,
414,贪狼星,暗,84,78,64,200,92,142,暗,智,15,,,,,,,,,,小眼睛小眼睛小眼睛,全队的暗属性妖怪智慧＋15,,,,
415,钟姿,火,90,40,38,64,28,34,火,力,15,,,,,,,,,,邪恶,全队的火属性妖怪力量＋15,,,,
416,吠纣,火,130,60,54,92,40,50,火,力,15,,,,,,,,,,邪恶人形,全队的火属性妖怪力量＋15,,,,
417,破军星,火,200,92,84,142,64,78,火,力,15,,,,,,,,,,邪恶人形冰冷,全队的火属性妖怪力量＋15,,,,
418,灵木,水,30,30,30,30,30,30,木,全,10,,,,,,,,,,自然,每增加一只木属性妖怪全属性＋10,,,,
419,灵木仔,水,50,50,50,50,50,50,木,全,10,,,,,,,,,,自然机械,每增加一只木属性妖怪全属性＋10,,,,
420,木偶仆,水,90,90,90,90,90,90,木,全,10,,,,,,,,,,自然机械人形,每增加一只木属性妖怪全属性＋10,,,,
421,香魂,土,24,22,20,24,58,26,地,运,15,,,,,,,,,,吉祥,全队的地属性妖怪运气＋15,,,,
422,香坛,土,66,52,48,66,134,62,地,运,15,,,,,,,,,,吉祥娇小,全队的地属性妖怪运气＋15,,,,
423,魂安鼎,土,118,72,66,118,186,86,地,运,15,,,,,,,,,,吉祥娇小呆萌,全队的地属性妖怪运气＋15,,,,
424,黑长直,土,24,22,20,26,24,58,地,技,15,,,,,,,,,,吉祥,全队的地属性妖怪技巧＋15,,,,
425,弯柜,土,48,38,34,44,48,96,地,技,15,,,,,,,,,,吉祥娇小,全队的地属性妖怪技巧＋15,,,,
426,蚊避鼎,土,78,48,44,56,78,122,地,技,15,,,,,,,,,,吉祥娇小呆萌,全队的地属性妖怪技巧＋15,,,,
427,灰净,光,24,58,20,22,26,24,光,智,15,,,,,,,,,,吉祥,全队的光属性妖怪智慧＋15,,,,
428,金瓷,光,48,96,34,38,44,48,光,智,15,,,,,,,,,,吉祥娇小,全队的光属性妖怪智慧＋15,,,,
429,光留鼎,光,100,154,54,60,72,100,光,智,15,,,,,,,,,,吉祥娇小呆萌,全队的光属性妖怪智慧＋15,,,,
430,毒又,木,22,28,20,60,20,22,木,魅,15,,,,,,,,,,自然,全队的木属性妖怪魅力＋15,,,,
431,毒柳,木,40,48,36,104,36,40,木,魅,15,,,,,,,,,,自然邪恶,全队的木属性妖怪魅力＋15,,,,
432,祝英台,木,60,72,138,154,54,60,木,魅,15,,,,,,,,,,自然邪恶飞翔,全队的木属性妖怪魅力＋15,,,蝶恋,
433,一佰,暗,22,60,20,28,20,22,暗,智,15,,,,,,,,,,财迷,全队的暗属性妖怪智慧＋15,,,,
434,两三佰,暗,40,104,36,48,36,40,暗,智,15,,,,,,,,,,财迷人形,全队的暗属性妖怪智慧＋15,,,,
435,梁山伯,暗,60,154,138,72,54,60,暗,智,15,,,,,,,,,,财迷人形飞翔,全队的暗属性妖怪智慧＋15,,,蝶恋,
436,太锣,土,34,42,38,34,46,100,木,技,30,,,,,,,,,,乐器,全队的木属性妖怪技巧＋30,,,,
437,锣小虎,土,62,88,68,74,80,176,木,技,30,,,,,,,,,,乐器人形,全队的木属性妖怪技巧＋30,,,,
438,巨门星,土,82,150,92,100,108,234,木,技,30,,,,,,,,,,乐器人形谋略,全队的木属性妖怪技巧＋30,,,,
439,迷团,光,34,42,38,100,34,46,光,魅,0,0.3,,,,,,,,,神秘,全队的光属性妖怪魅力×130%,,,,
440,迷犬,光,62,88,68,176,74,80,光,魅,0,0.3,,,,,,,,,神秘人形,全队的光属性妖怪魅力×130%,,,,
441,廉贞星,光,82,150,92,234,100,108,光,魅,0,0.6,,,,,,,,,神秘人形呆萌,全队的光属性妖怪魅力×160%,,,,
442,纺素,土,28,38,34,98,28,70,地,技,0,0.3,,,,,,,,,自然,全队的地属性妖怪技巧×130%,,,,
443,纺女,土,40,56,50,142,40,100,地,技,0,0.3,,,,,,,,,自然妹纸,全队的地属性妖怪技巧×130%,,,,
444,织女,土,62,86,78,218,62,156,地,技,0,0.6,,,,,,,,,自然妹纸神仙,全队的地属性妖怪技巧×160%,,,,
445,喵儿,火,44,36,28,36,102,48,火,运,15,,,,,,,,,,猫咪,全队的火属性妖怪运气＋15,,,,
446,喵公子,火,70,50,40,60,142,66,火,运,30,,,,,,,,,,猫咪魁梧,全队的火属性妖怪运气＋30,,,,
447,武曲星,火,134,74,58,88,208,96,火,运,50,,,,,,,,,,猫咪魁梧小眼睛,全队的火属性妖怪运气＋50,,,,
448,七目,火,58,22,24,26,16,26,火,力,15,,,,,,,,,,自然,全队的火属性妖怪力量＋15,,,,
449,兰赤甲,火,100,38,50,46,28,46,火,力,30,,,,,,,,,,自然妹纸,全队的火属性妖怪力量＋30,,,,
450,花木兰,火,166,64,106,76,46,76,火,力,30,,,,,,,,,,自然妹纸神勇,全队的火属性妖怪力量＋30,,,,
451,法鸡,木,30,30,30,10,10,60,木,技,15,,,,,,,,,,呆萌,全队的木属性妖怪技巧＋15,,,,
452,扑腾鸡,木,80,60,70,40,40,140,木,技,15,,,,,,,,,,呆萌机械,全队的木属性妖怪技巧＋15,,,,
453,零号机,木,130,100,150,60,60,230,木,技,15,,,,,,,,,,呆萌机械魁梧,全队的木属性妖怪技巧＋15,,,鸡甲战队,力速技+300
454,弱鸡,火,20,30,50,20,20,30,火,速,15,,,,,,,,,,呆萌,全队的火属性妖怪速度＋15,,,,
455,速机,火,60,60,130,40,60,70,火,速,15,,,,,,,,,,呆萌机械,全队的火属性妖怪速度＋15,,,,
456,二号机,火,130,130,200,60,130,110,火,速,15,,,,,,,,,,呆萌机械奇特,全队的火属性妖怪速度＋15,,,鸡甲战队,力速技+300
457,捉鸡,土,60,30,30,20,20,30,地,力,15,,,,,,,,,,呆萌,全队的地属性妖怪力量＋15,,,,
458,黄焖鸡,土,130,70,70,40,40,70,地,力,15,,,,,,,,,,呆萌机械,全队的地属性妖怪力量＋15,,,,
459,初号机,土,220,140,140,70,60,120,地,力,15,,,,,,,,,,呆萌机械善良,全队的地属性妖怪力量＋15,,,鸡甲战队,力速技+300
460,储羊,光,92,40,42,26,42,52,光,力,0,0.3,,,,,,,,,呆萌,全队的光属性妖怪力量×130%,,,,
461,小肥羊,光,132,56,66,38,60,76,光,力,0,0.3,,,,,,,,,呆萌美食,全队的光属性妖怪力量×130%,,,,
462,禄存星,光,196,84,126,56,90,112,光,力,0,0.3,,,,,,,,,呆萌美食老人家,全队的光属性妖怪力量×130%,,,,
463,砣付,土,22,80,28,36,46,80,地,技,0,0.3,,,,,,,,,奇特,全队的地属性妖怪技巧×130%,,,,
464,桃痴,土,42,150,52,68,84,150,地,技,0,0.3,,,,,,,,,奇特美食,全队的地属性妖怪技巧×130%,,,,
465,华佗,土,58,208,74,96,118,208,地,技,0,0.3,,,,,,,,,奇特美食老人家,全队的地属性妖怪技巧×130%,,,,
466,艳灵,火,16,30,20,56,32,24,火,魅,15,,,,,,,,,,善良,全队的火属性妖怪魅力＋15,,,,
467,玫瑰女仆,火,28,52,34,98,56,42,火,魅,15,,,,,,,,,,善良妹纸,全队的火属性妖怪魅力＋15,,,,
468,玫瑰夫人,火,48,90,60,170,98,72,火,魅,15,,,,,,,,,,善良妹纸冰冷,全队的火属性妖怪魅力＋15,,,,
469,叠珠,水,154,46,154,70,50,74,水,速,0,0.3,,,,,,,,,邪恶,全队的水属性妖怪速度×130%,,,,
470,别浪,水,188,56,188,84,62,90,水,速,0,0.6,,,,,,,,,邪恶龙族,全队的水属性妖怪速度×160%,,,,
471,敖广,水,278,84,278,126,92,134,水,速,0,1,,,,,,,,,邪恶龙族神仙,全队的水属性妖怪速度×200%,每增加一个龙族妖怪力速运＋88,,四海游龙,
472,付炬,火,164,54,44,68,54,164,火,技,30,,,,,,,,,,美食,全队的火属性妖怪技巧＋30,,,,
473,极炎,火,200,66,54,84,66,200,火,技,30,,,,,,,,,,美食龙族,全队的火属性妖怪技巧＋30,,,,
474,敖钦,火,294,98,80,124,98,294,火,技,50,,,,,,,,,,美食龙族神仙,全队的火属性妖怪技巧＋50,每增加一个龙族妖怪力速运＋88,,四海游龙,
475,唤水仔,木,66,46,56,70,156,156,木,技,0,0.3,,,,,,,,,奇特,全队的木属性妖怪技巧×130%,,,,
476,送雨客,木,80,56,68,86,188,188,木,技,0,0.6,,,,,,,,,奇特龙族,全队的木属性妖怪技巧×160%,,,,
477,敖闰,木,118,84,102,126,280,280,木,技,0,0.6,,,,,,,,,奇特龙族神仙,全队的木属性妖怪技巧×160%,每增加一个龙族妖怪力速运＋88,,四海游龙,
478,甘冰,光,66,156,56,70,42,156,水,全,60,,,,,,,,,,邪恶,每增加一只水属性妖怪全属性＋60,,,,
479,瘾者,光,80,190,68,86,52,190,水,全,60,,,,,,,,,,邪恶龙族,每增加一只水属性妖怪全属性＋60,,,,
480,敖顺,光,120,282,102,128,76,282,水,全,60,,,,,,,,,,邪恶龙族神仙,每增加一只水属性妖怪全属性＋60,每增加一个龙族妖怪力速运＋88,,四海游龙,
481,狐魅,光,24,76,152,178,40,76,全,速,,0.3,全,魅,,0.3,,,,,冰冷,全队魅×130%全队速×130%,,,,
482,狐魎,光,30,92,186,218,48,92,全,速,,0.3,全,魅,,0.3,,,,,冰冷妹纸,全队魅×130%全队速×130%,,,,
483,妲己,光,46,138,276,322,72,138,全,速,,0.3,全,魅,0,0.3,神勇,,0,,冰冷妹纸妖怪,全队魅×130%全队速×130%,每增加一个神勇妖怪智-80 魅速＋80,,,
484,喜蛋,土,16,30,20,24,32,56,地,全,10,,,,,,,,,,娇小,每增加一只地属性妖怪全属性＋10,,,,
485,喜鹊,土,28,52,34,42,56,98,地,全,10,,,,,,,,,,娇小呆萌,每增加一只地属性妖怪全属性＋10,,,,
486,鹊桥,土,48,90,60,72,98,170,地,全,10,,,,,,,,,,娇小呆萌善良,每增加一只地属性妖怪全属性＋10,,,,
487,妈蛋,暗,0,-100,0,0,0,200,,,,,,,,,,,,,彩蛋,全属性+1,,,,
488,八哥,暗,0,-200,0,0,0,300,,,,,,,,,,,,,彩蛋,全属性+1,,,,
489,八阿哥,暗,0,-300,0,0,0,400,,,,,,,,,,,,,彩蛋,全属性+1,,,,
490,黄油,光,132,56,76,44,30,76,光,力,30,,,,,,,,,,美食,全队的光属性妖怪力量＋30,,,,
491,牛仔,光,214,90,122,72,48,122,光,力,30,,,,,,,,,,美食人形,全队的光属性妖怪力量＋30,,,,
492,黄牛,光,282,120,162,96,64,162,光,力,50,,,,,,,,,,美食人形神勇,全队的光属性妖怪力量＋50,,,,
493,丸烧,火,22,28,82,38,44,82,火,全,10,,,,,,,,,,美食,每增加一只火属性妖怪全属性＋10,,,,
494,莲童,火,42,54,150,70,80,150,火,全,10,,火,速,15,,,,,,美食人形,每增加一只火属性妖怪全属性＋10,全队的火属性妖怪速度＋15,,,
495,哪吒,火,60,74,212,98,112,212,火,全,10,,火,速,15,,,,,,美食人形神仙,每增加一只火属性妖怪全属性＋10,全队的火属性妖怪速度＋15,,,
496,芒星,光,36,44,130,90,72,58,光,速,,0.3,,,,,,,,,自然,全队的光属性妖怪速度×130%,,,,
497,银鹤,光,54,68,200,138,110,90,光,速,,0.3,,,,,,,,,自然神速,全队的光属性妖怪速度×130%,,,,
498,银河,光,72,90,264,182,144,118,光,速,,0.6,,,,,,,,,自然神速神仙,全队的光属性妖怪速度×160%,,,,
499,金钗子,火,36,46,46,92,134,60,火,运,,0.3,,,,,,,,,善良,全队的火属性妖怪运气×130%,,,,
500,女侍,火,58,74,74,148,216,96,火,运,,0.3,,,,,,,,,善良妹纸,全队的火属性妖怪运气×130%,,,,
501,王母娘娘,火,78,98,98,198,286,128,火,运,,0.6,,,,,,,,,善良妹纸神仙,全队的火属性妖怪运气×160%,,,,
502,纸眷,土,30,30,30,30,30,30,地,全,10,,,,,,,,,,自然,每增加一只地属性妖怪全属性＋10,,,,
503,木刨,土,72,72,72,72,72,72,地,全,10,,,,,,,,,,自然呆萌,每增加一只地属性妖怪全属性＋10,,,,
504,木吒,土,108,108,108,108,108,108,地,全,10,,,,,,,,,,自然呆萌人形,每增加一只地属性妖怪全属性＋10,,,,
505,红豆丸,火,164,58,88,46,76,116,火,技,15,,,,,,,,,,美食,全队的火属性妖怪技巧＋15,,,,
506,赤笛仔,火,234,82,124,66,108,166,火,技,30,,,,,,,,,,美食人形,全队的火属性妖怪技巧＋30,,,,
507,牛郎,火,296,104,158,84,136,210,火,技,30,,妹纸,力速技,77,,,,,,美食人形邪恶,全队的火属性妖怪技巧＋30,每增加一个妹纸妖怪力速技＋77,,,
508,姜流儿,土,14,38,14,14,38,54,地,技,15,,,,,,,,,,美食,全队的地属性妖怪技巧＋15,,,,
509,姜饼人,土,36,94,36,36,94,130,地,技,15,,,,,,,,,,美食小眼睛,全队的地属性妖怪技巧＋15,,,,
510,姜子牙,土,46,118,46,46,118,166,地,技,15,,,,,,,,,,美食小眼睛老人家,全队的地属性妖怪技巧＋15,,,,
511,碎金,光,50,118,42,54,32,118,光,魅,30,,,,,,,,,,财迷,全队的光属性妖怪魅力＋30,,,,
512,金胖,光,80,190,68,86,52,190,光,魅,30,,,,,,,,,,财迷邪恶,全队的光属性妖怪魅力＋30,,,,
513,金吒,光,120,282,102,128,76,282,光,魅,50,,,,,,,,,,财迷邪恶人形,全队的光属性妖怪魅力＋50,,,,
514,祭石,火,52,42,28,98,42,34,火,力,30,,,,,,,,,,自然,全队的火属性妖怪力量＋30,,,,
515,福塔,火,96,78,52,182,78,64,火,力,30,,,,,,,,,,自然人形,全队的火属性妖怪力量＋30,,,,
516,托塔天王,火,154,122,82,288,122,102,火,力,30,,,,,,,,,,自然人形神仙,全队的火属性妖怪力量＋30,,,,
517,兰灵,水,56,40,88,24,38,46,水,速,0,0.3,,,,,,,,,自然,全队的水属性妖怪速度×130%,,,,
518,斗虾,水,102,78,158,44,78,84,水,速,0,0.3,,,,,,,,,自然战士,全队的水属性妖怪速度×130%,,,,
519,游瓦虾,水,148,148,232,66,148,124,水,速,0,0.3,,,,,,,,,自然战士神勇,全队的水属性妖怪速度×130%,,,虾兵蟹将,力速＋200
520,气圆,水,92,42,28,42,36,54,水,力,0,0.3,,,,,,,,,自然,全队的水属性妖怪力量×130%,,,,
521,钳甲,水,164,88,50,88,62,94,水,力,0,0.3,,,,,,,,,自然呆萌,全队的水属性妖怪力量×130%,,,,
522,蟹将,水,238,164,72,164,92,138,水,力,0,0.3,,,,,,,,,自然呆萌战士,全队的水属性妖怪力量×130%,,,虾兵蟹将,力速＋200
523,犄木,土,60,20,20,20,20,30,木,力,30,,,,,,,,,,自然,全队的木属性妖怪力量＋30,,,,
524,屯车,土,110,40,30,30,40,60,木,力,30,,,,,,,,,,自然善良,全队的木属性妖怪力量＋30,,,,
525,木牛,土,190,70,50,60,70,100,木,力,30,,,,,,,,,,自然善良机械,全队的木属性妖怪力量＋30,,,木牛流马,力速＋200
526,钢蛋,光,70,20,20,20,20,20,光,全,10,,,,,,,,,,善良,每增加一只光属性妖怪全属性＋10,,,,
527,发条仔,光,120,30,30,40,40,40,光,全,10,,,,,,,,,,善良人形,每增加一只光属性妖怪全属性＋10,,,,
528,胖仔,光,210,60,60,70,70,70,光,全,10,,,,,,,,,,善良人形机械,每增加一只光属性妖怪全属性＋10,,,,
529,忘情水,暗,44,44,38,48,28,90,暗,技,,0.3,,,,,,,,,美食,全队的暗属性妖怪技巧×130%,,,,
530,阿奴,暗,84,84,72,90,54,168,暗,技,,0.3,,,,,,,,,美食妹纸,全队的暗属性妖怪技巧×130%,,,,
531,孟婆汤,暗,132,132,114,142,84,266,暗,技,,0.3,,,,,,,,,美食妹纸老人家,全队的暗属性妖怪技巧×130%,,,,
532,苦包,土,40,32,94,40,52,36,地,速,30,,,,,,,,,,呆萌,全队的地属性妖怪速度＋30,,,,
533,鲜仔,土,74,62,174,74,98,68,地,速,30,,,,,,,,,,呆萌美食,全队的地属性妖怪速度＋30,,,,
534,佛跳墙,土,104,86,242,104,138,94,地,速,30,,美食,速,70,,,,,,呆萌美食神仙,全队的地属性妖怪速度＋30,每增加一个美食妖怪速＋70,,,
535,染色体,火,44,58,52,48,124,88,火,运,,0.3,,,,,,,,,呆萌,全队的火属性妖怪运气×130%,,,,
536,皇仔,火,70,92,84,78,200,142,火,运,,0.6,,,,,,,,,呆萌人形,全队的火属性妖怪运气×160%,,,,
537,爱心觉罗,火,94,122,112,104,264,188,火,运,,0.6,,,,,,,,,呆萌人形奇特,全队的火属性妖怪运气×160%,,,,
538,独秀,光,30,40,100,30,40,50,木,速,,0.3,,,,,,,,,呆萌,全队的木属性妖怪速度×130%,,,,
539,彩鞍,光,60,70,180,60,80,100,木,速,,0.3,,,,,,,,,呆萌神速,全队的木属性妖怪速度×130%,,,,
540,流马,光,70,80,220,70,100,120,木,速,,0.3,,,,,,,,,呆萌神速机械,全队的木属性妖怪速度×130%,力速＋200,,木牛流马,力技+200
541,二丸,火,16,39,19,16,21,61,火,技,15,,,,,,,,,,呆萌,全队的火属性妖怪技巧＋15,,,,
542,四丸,火,42,96,48,42,52,148,火,技,15,,,,,,,,,,呆萌小眼睛,全队的火属性妖怪技巧＋15,,,,
543,八丸,火,52,120,60,52,66,188,火,技,15,,,,,,,,,,呆萌小眼睛奥运,全队的火属性妖怪技巧＋15,,,,
544,花卷,火,56,36,112,130,30,52,全,魅,,0.3,全,速,,0.3,,,,,神秘,全队魅×130%全队速×130%,,,,
545,宫主,火,90,60,180,210,48,84,全,魅,0,0.3,全,速,,0.3,,,,,神秘妹纸,全队魅×130%全队速×130%,,,,
546,东方零败,火,132,88,266,310,70,124,全,魅,300,0.3,全,速,300,0.3,全,力,-600,,神秘妹纸神速,全队魅×130%全队速×130%,力量 - 600魅速＋300,,,
547,嗯蛋,光,14,20,20,40,22,62,光,全,10,,,,,,,,,,呆萌,每增加一只光属性妖怪全属性＋10,,,,
548,菜鸡,光,36,48,48,96,52,148,光,全,10,,,,,,,,,,呆萌善良,每增加一只光属性妖怪全属性＋10,,,,
549,舞鸡君,光,56,72,72,144,80,224,光,全,10,,光,全,10,,,,,,呆萌善良奥运,每增加一只光属性妖怪全属性＋10,每增加一只光属性妖怪全属性＋10,,,
550,壳托,光,30,34,68,30,40,94,光,技,,0.3,,,,,,,,,呆萌,全队的光属性妖怪技巧×130%,,,,
551,鸭酱,光,56,62,124,56,74,176,光,技,,0.3,,,,,,,,,呆萌善良,全队的光属性妖怪技巧×130%,,,,
552,蹴鸭君,光,86,86,171,77,104,242,光,技,,0.3,,,,,,,,,呆萌善良奥运,全队的光属性妖怪技巧×130%,,,,
553,举仔,火,34,46,136,54,30,116,火,速,,0.3,,,,,,,,,呆萌,全队的火属性妖怪速度×130%,,,,
554,立鹤,火,56,74,218,86,48,186,火,速,,0.3,,,,,,,,,呆萌善良,全队的火属性妖怪速度×130%,,,,
555,粉鹳君,火,90,108,318,126,72,272,火,速,,0.6,火,技,,0.3,,,,,呆萌善良奥运,全队的火属性妖怪速度×160%,全队的火属性妖怪技巧×130%,,,
556,双仁,火,92,30,40,30,40,66,火,力,15,,,,,,,,,,呆萌,全队的火属性妖怪力量＋15,,,,
557,双簧,火,172,54,72,54,72,122,火,力,30,,,,,,,,,,呆萌善良,全队的火属性妖怪力量＋30,,,,
558,双狂,火,240,76,102,76,102,170,火,力,30,,,,,,,,,,呆萌善良奥运,全队的火属性妖怪力量＋30,,,,
559,呆冒,水,16,40,58,26,18,16,水,速,15,,,,,,,,,,呆萌,全队的水属性妖怪速度＋15,,,,
560,唇豚,水,40,100,140,64,44,40,水,速,15,,,,,,,,,,呆萌神速,全队的水属性妖怪速度＋15,,,,
561,慧鲸,水,70,174,244,114,78,70,水,速,30,,,,,,,,,,呆萌神速奥运,全队的水属性妖怪速度＋30,,,,
562,悬叶,水,40,20,56,18,16,26,水,速,15,,,,,,,,,,呆萌,全队的水属性妖怪速度＋15,,,,
563,独舟,水,98,48,136,44,38,64,水,速,15,,,,,,,,,,呆萌人形,全队的水属性妖怪速度＋15,,,,
564,鹦螺号,水,170,84,240,76,68,110,水,速,30,,,,,,,,,,呆萌人形奥运,全队的水属性妖怪速度＋30,,,,
565,袋仔,土,118,40,66,46,26,118,地,力,30,,,,,,,,,,善良,全队的地属性妖怪力量＋30,,,,
566,拳鼠,土,190,64,108,76,42,190,地,力,30,,奥运,力速技,268,,,,,,善良神勇,全队的地属性妖怪力量＋30,,,,
567,拳王,土,280,96,160,112,64,280,地,力,50,,奥运,力速技,268,,,,,,善良神勇奥运,全队的地属性妖怪力量＋50,每增加一个奥运妖怪，力速技+268,,豆腐拳,力技+200
568,书包仔,暗,60,120,32,48,44,112,暗,智,,0.6,,,,,,,,,娇小,全队的暗属性妖怪智慧×160%,,,,
569,书包侠,暗,48,210,56,84,76,196,暗,智,,1,,,,,,,,,娇小人形,全队的暗属性妖怪智慧×200%,,,,
570,宁采臣,暗,0,300,80,120,110,280,,,,,,,,,,,,,娇小人形冰冷,,,,倩女幽魂,暗属性妖怪全属性×200%
571,魂飞,暗,10,16,18,50,42,8,暗,魅,,0.6,,,,,,,,,神秘,全队的暗属性妖怪魅力×160%,,,,
572,浴女,暗,22,34,36,100,86,16,暗,魅,,1,,,,,,,,,神秘妹纸,全队的暗属性妖怪魅力×200%,,,,
573,聂小倩,暗,68,102,110,300,256,50,,,,,,,,,,,,,神秘妹纸善良,,,,倩女幽魂,暗属性妖怪全属性×200%
574,金杵,光,146,50,20,62,66,70,全,力,,0.5,,,,,,,,,神仙,全队妖怪力量×150%,,,,
575,帝天,光,234,80,32,100,106,114,全,力,,0.5,,,,,,,,,神仙人形,全队妖怪力量×150%,,,,
576,帝释天,光,348,118,48,148,158,168,全,力,,0.5,,,,,,,,,神仙人形神勇,全队妖怪力量×150%,,,,
577,魂散,光,20,48,70,144,62,70,全,魅,,0.5,,,,,,,,,呆萌,全队妖怪魅力×150%,,,,
578,乐神,光,32,80,112,232,100,112,全,魅,,0.5,,,,,,,,,呆萌妹纸,全队妖怪魅力×150%,,,,
579,乾达婆,光,48,118,166,344,146,166,全,魅,,0.5,,,,,,,,,呆萌妹纸乐器,全队妖怪魅力×150%,,,,
580,金灵,光,50,106,34,50,46,128,光,技,15,0,,,,,,,,,自然,全队的光属性妖怪技巧＋15,,,,
581,望仔,光,82,170,54,82,74,206,光,技,15,0,,,,,,,,,自然人形,全队的光属性妖怪技巧＋15,,,,
582,金角大王,光,96,200,64,96,88,240,光,技,30,0,,,,,,,,,自然人形奇特,全队的光属性妖怪技巧＋30,,,科学新星,技巧+400
583,银灵,暗,36,76,24,36,32,90,暗,技,15,0,,,,,,,,,自然,全队的暗属性妖怪技巧＋15,,,,
584,银索,暗,66,140,44,66,62,168,暗,技,15,0,,,,,,,,,自然人形,全队的暗属性妖怪技巧＋15,,,,
585,银角大王,暗,80,168,54,80,74,202,暗,技,30,0,,,,,,,,,自然人形奇特,全队的暗属性妖怪技巧＋30,,,科学新星,技巧+400
586,壶仔,暗,132,44,114,52,30,42,暗,力,,0.3,,,,,,,,,乐器,全队的暗属性妖怪力量×130%,,,,
587,呼鸣,暗,214,72,182,84,48,66,暗,力,,0.6,,,,,,,,,乐器人形,全队的暗属性妖怪力量×160%,,,,
588,角木蛟,暗,316,108,270,126,72,98,暗,力,,1,,,,,,,,,乐器人形神勇,全队的暗属性妖怪力量×200%,,,,
589,灵角,暗,30,54,118,46,136,42,暗,运,,0.3,,,,,,,,,神秘,全队的暗属性妖怪运气×130%,,,,
590,迷麋,暗,48,84,180,72,210,66,暗,运,,0.6,,,,,,,,,神秘神秘,全队的暗属性妖怪运气×160%,,,,
591,套鹿,暗,62,110,238,94,278,86,暗,运,,1,,,,,,,,,神秘神秘神秘,全队的暗属性妖怪运气×200%,,,,
592,吼仔,光,92,36,42,76,24,24,光,全,10,,,,,,,,,,妖怪,每存在一只光属性妖怪全属性＋10,,,,
593,壁咚,光,134,52,62,110,34,34,光,全,10,,,,,,,,,,妖怪人形,每存在一只光属性妖怪全属性＋10,,,,
594,壁咚老爷,光,204,82,96,170,54,54,光,全,10,,,,,,,,,,妖怪人形老人家,每存在一只光属性妖怪全属性＋10,,,,
595,污,暗,90,24,24,44,36,76,暗,全,10,,,,,,,,,,妖怪,每存在一只暗属性妖怪全属性＋10,,,,
596,污污,暗,132,34,34,66,52,110,暗,全,10,,,,,,,,,,妖怪邪恶,每存在一只暗属性妖怪全属性＋10,,,,
597,污污污,暗,202,54,54,100,80,168,暗,全,10,,,,,,,,,,妖怪邪恶奇特,每存在一只暗属性妖怪全属性＋10,,,,
598,坛仔,木,62,38,92,194,234,46,木,运,,0.3,,,,,,,,,娇小,全队的木属性妖怪运气×130%,,,,
599,那家,木,82,50,124,258,310,62,木,运,,0.6,,,,,,,,,娇小妖怪,全队的木属性妖怪运气×160%,,,,
600,小娜迦,木,92,56,138,288,346,68,木,运,,1,,,,,,,,,娇小妖怪妹纸,全队的木属性妖怪运气×200%,,,,
601,心鼓,火,36,36,54,54,26,90,火,技,15,,,,,,,,,,乐器,全队的火属性妖怪技巧＋15,,,,
602,传音马,火,66,66,99,100,50,166,火,技,30,,,,,,,,,,乐器善良,全队的火属性妖怪技巧＋30,,,,
603,紧那罗,火,81,81,207,124,62,208,火,技,50,,,,,,,,,,乐器善良神仙,全队的火属性妖怪技巧＋50,,,,
604,结魄,火,60,170,68,206,82,82,火,魅,,0.3,,,,,,,,,邪恶,全队的火属性妖怪魅力×130%,,,,
605,布芳,火,80,226,90,272,108,108,火,魅,,0.6,,,,,,,,,邪恶妹纸,全队的火属性妖怪魅力×160%,,,,
606,魑魅,火,90,252,100,304,120,120,火,魅,,1,,,,,,,,,邪恶妹纸美食,全队的火属性妖怪魅力×200%,,,魑魅魍魉,全体运技×130%
607,一饼,木,12,12,12,52,12,12,木,魅,30,0,,,,,,,,,法器,全队的木属性妖怪魅力＋30,法器互斥,,,
608,眼符,木,32,32,32,128,32,32,木,魅,,0.3,,,,,,,,,法器呆萌,全队的木属性妖怪魅力×130%,法器互斥,,,
609,一命踪,木,54,54,54,222,54,54,全,魅,,0.3,,,,,,,,,法器呆萌妹纸,全队妖怪魅力×130%,法器互斥,,,
610,二饼,水,12,52,12,12,12,12,水,智,30,0,,,,,,,,,法器,全队的水属性妖怪智慧＋30,法器互斥,,,
611,瓜仔,水,32,128,32,32,32,32,水,智,,0.3,,,,,,,,,法器呆萌,全队的水属性妖怪智慧×130%,法器互斥,,,
612,二眼书童,水,54,222,54,54,54,54,全,智,,0.3,,,,,,,,,法器呆萌谋略,全队每人智慧×130%,法器互斥,,,
613,三饼,火,12,12,12,12,12,52,火,技,30,0,,,,,,,,,法器,全队的火属性妖怪技巧＋30,法器互斥,,,
614,珠灵,火,32,32,32,32,32,128,火,技,,0.3,,,,,,,,,法器战士,全队的火属性妖怪技巧×130%,法器互斥,,,
615,三灵珠仔,火,54,54,54,54,54,222,全,技,,0.3,,,,,,,,,法器战士人形,全队妖怪技巧×130%,法器互斥,,,
616,四饼,火,100,20,20,20,20,20,火,力,,0.3,,,,,,,,,法器,全队的火属性妖怪力量×130%,法器互斥,,,
617,固门,火,184,36,36,36,36,36,火,力,,0.6,,,,,,,,,法器战士,全队的火属性妖怪力量×160%,法器互斥,,,
618,四遁傀兵,火,289,57,57,57,57,57,全,力,,0.6,,,,,,,,,法器战士人形,全队妖怪力量×160%,法器互斥,,,
619,五饼,火,20,20,20,20,100,20,火,运,,0.3,,,,,,,,,法器,全队的火属性妖怪运气×130%,法器互斥,,,
620,福球,火,36,36,36,36,184,36,火,运,,0.6,,,,,,,,,法器呆萌,全队的火属性妖怪运气×160%,法器互斥,,,
621,五福仙子,火,57,57,57,57,289,57,全,运,,0.6,,,,,,,,,法器呆萌妹纸,全队妖怪运气×160%,法器互斥,,,
622,六饼,木,20,20,100,20,20,20,木,速,,0.3,,,,,,,,,法器,全队的木属性妖怪速度×130%,法器互斥,,,
623,轮匠,木,36,36,184,36,36,36,木,速,,0.6,,,,,,,,,法器呆萌,全队的木属性妖怪速度×160%,法器互斥,,,
624,六轮传音,木,57,57,289,57,57,57,全,速,,0.6,,,,,,,,,法器呆萌人形,全队妖怪速度×160%,法器互斥,,,
625,七饼,暗,24,24,24,24,24,152,暗,技,,0.6,,,,,,,,,法器,全队的暗属性妖怪技巧×160%,法器互斥,,,
626,星燃,暗,40,40,40,40,40,244,暗,技,,1,,,,,,,,,法器奇特,全队的暗属性妖怪技巧×200%,法器互斥,,,
627,七星术士,暗,60,60,60,60,60,360,全,技,,1,,,,,,,,,法器奇特人形,全队妖怪技巧×200%,法器互斥,,,
628,八饼,光,24,152,24,24,24,24,光,智,,0.6,,,,,,,,,法器,全队的光属性妖怪智慧×160%,法器互斥,,,
629,罐僧,光,40,244,40,40,40,40,光,智,,1,,,,,,,,,法器人形,全队的光属性妖怪智慧×200%,法器互斥,,,
630,八罐医夫,光,60,360,60,60,60,60,全,智,,1,,,,,,,,,法器人形善良,全队妖怪智慧×200%,法器互斥,,,
631,九饼,暗,152,24,24,24,24,24,暗,力,,0.6,,,,,,,,,法器,全队的暗属性妖怪力量×160%,法器互斥,,,
632,星莲,暗,244,40,40,40,40,40,暗,力,,1,,,,,,,,,法器神仙,全队的暗属性妖怪力量×200%,法器互斥,,,
633,九星道师,暗,360,60,60,60,60,60,暗,全,,1,,,,,,,,,法器神仙神勇,全队暗属性妖怪全属性×200%,法器互斥,,,
634,轻音,光,38,24,146,122,28,58,光,速,,0.3,,,,,,,,,呆萌,全队的光属性妖怪速度×130%,,,,
635,角鹰,光,62,38,234,194,46,92,光,速,,0.6,,,,,,,,,呆萌飞翔,全队的光属性妖怪速度×160%,,,,
636,迦罗逻,光,92,56,346,288,68,138,光,速,,1,,,,,,,,,呆萌飞翔乐器,全队的光属性妖怪速度×200%,,,,
637,万两,水,68,82,60,206,170,82,水,魅,,0.3,,,,,,,,,邪恶,全队的水属性妖怪魅力×130%,,,,
638,金来,水,90,108,80,272,226,108,水,魅,,0.6,,,,,,,,,邪恶财迷,全队的水属性妖怪魅力×160%,,,,
639,魍魉,水,100,120,90,304,252,120,水,魅,,1,,,,,,,,,邪恶财迷妖怪,全队的水属性妖怪魅力×200%,,,魑魅魍魉,全体运技×130%
640,金镶玉,木,48,202,48,202,92,74,木,魅,,0.3,,,,,,,,,善良,全队的木属性妖怪魅力×130%,,,,
641,皇天,木,64,270,64,270,122,98,木,魅,,0.6,,,,,,,,,善良吉祥,全队的木属性妖怪魅力×160%,,,,
642,昊天金阙无上至尊自然妙有弥罗至真玉皇上帝,木,72,300,72,300,136,108,木,魅,272,0.6,全,智,272,,全,运,272,,善良吉祥神仙,全队的木属性妖怪魅力×160%,每增加一个神仙妖怪智运+68,,,
643,菱绢,土,16,40,20,62,22,16,木,魅,15,0,,,,,,,,,呆萌,全队的木属性妖怪魅力＋15,,,,
644,菱蛇,土,42,96,48,148,52,42,木,魅,15,0,,,,,,,,,呆萌妹纸,全队的木属性妖怪魅力＋15,,,,
645,蛇精,土,52,120,60,188,66,52,木,魅,15,0,,,,,,,,,呆萌妹纸妖怪,全队的木属性妖怪魅力＋15,,,,
646,泥垢,木,18,20,36,24,20,56,木,技,15,0,,,,,,,,,呆萌,全队的木属性妖怪技巧＋15,,,,
647,鸣娃,木,44,48,88,58,48,138,木,技,15,0,,,,,,,,,呆萌乐器,全队的木属性妖怪技巧＋15,,,,
648,月鸣娃,木,56,62,112,74,62,174,木,技,15,0,,,,,,,,,呆萌乐器娇小,全队的木属性妖怪技巧＋15,,,,
649,兔类,光,30,84,36,36,30,84,光,智,15,0,,,,,,,,,小眼睛,全队的光属性妖怪智慧＋15,,,,
650,兔掌柜,光,54,154,66,66,54,154,光,智,30,0,,,,,,,,,小眼睛财迷,全队的光属性妖怪智慧＋30,,,,
651,兔管家,光,66,186,78,78,66,186,光,智,,0.3,,,,,,,,,小眼睛财迷邪恶,全队的光属性妖怪智慧×130%,,,,
652,碟作,光,48,40,52,120,100,60,光,魅,15,0,,,,,,,,,善良,全队的光属性妖怪魅力＋15,,,,
653,姮娥,光,76,64,82,192,160,96,光,魅,30,0,,,,,,,,,善良妹纸,全队的光属性妖怪魅力＋30,,,,
654,嫦娥,光,100,84,110,254,212,126,光,魅,50,0,,,,,,,,,善良妹纸神仙,全队的光属性妖怪魅力＋50,,,分居两地,全队每人全属性+68
655,后,木,118,50,118,42,34,52,木,力,,0.3,,,,,,,,,呆萌,全队的木属性妖怪力量×130%,,,,
656,后羿,木,188,80,188,68,56,86,木,力,,0.6,,,,,,,,,呆萌神勇,全队的木属性妖怪力量×160%,,,,
657,箭神后羿,木,280,118,280,102,84,126,木,力,,1,,,,,,,,,呆萌神勇神仙,全队的木属性妖怪力量×200%,,,分居两地,全队每人全属性+68
658,弃斧,木,86,40,34,40,26,68,木,力,30,0,,,,,,,,,武器,全队的木属性妖怪力量＋30,,,,
659,小刚,木,158,76,62,76,50,126,木,力,30,0,,,,,,,,,武器人形,全队的木属性妖怪力量＋30,,,,
660,良友吴刚,木,220,106,88,106,70,176,木,力,30,0,,,,,,,,,武器人形善良,全队的木属性妖怪力量＋30,,,,
661,萝胖,水,74,36,74,36,36,36,全,全,1,0,,,,,,,,,彩蛋,全属性+1,,,,
662,进攻器,水,138,68,138,68,68,68,全,全,1,0,,,,,,,,,彩蛋,全属性+1,,,,
663,拿破仑,水,166,82,166,82,82,82,全,全,1,0,,,,,,,,,彩蛋,全属性+1,,,,
664,九婴,暗,90,22,90,134,26,54,暗,魅,,0.3,,,,,,,,,邪恶,全队的暗属性妖怪魅力×130%,,,,
665,盲女,暗,144,36,144,216,42,86,暗,魅,,0.3,暗,力,,0.3,,,,,邪恶妹纸,全队的暗属性妖怪魅力×130%,全队的暗属性妖怪力量×130%,,,
666,母夜叉,暗,212,52,212,320,64,128,暗,魅,,0.6,暗,力,,0.3,,,,,邪恶妹纸妖怪,全队的暗属性妖怪魅力×160%,全队的暗属性妖怪力量×130%,,,
667,花符,木,24,24,24,50,24,24,全,全,1,0,,,,,,,,,彩蛋,全属性+1,,,,
668,浪爷,木,44,44,44,88,44,44,全,全,1,0,,,,,,,,,彩蛋,全属性+1,,,,
669,碧池长老,木,60,60,60,122,60,60,全,全,1,0,,,,,,,,,彩蛋,全属性+1,,,,
670,呵,水,50,24,24,24,24,24,全,全,1,0,,,,,,,,,彩蛋,全属性+1,,,,
671,呵呵,水,88,44,44,44,44,44,全,全,1,0,,,,,,,,,彩蛋,全属性+1,,,,
672,哦,水,122,60,60,60,60,60,全,全,1,0,,,,,,,,,彩蛋,全属性+1,,,,
673,明珠,土,234,38,194,92,46,62,地,力,,0.3,,,,,,,,,自然,全队的地属性妖怪力量×130%,,,,
674,玄戒,土,310,50,258,124,62,82,地,力,,0.3,地,速,,0.3,,,,,自然人形,全队的地属性妖怪力量×130%,全队的地属性妖怪速度×130%,,,
675,阿修罗,土,346,56,288,138,68,92,地,力,,0.6,地,速,,0.6,,,,,自然人形神勇,全队的地属性妖怪力量×160%,全队的地属性妖怪速度×160%,,,
676,青荷,木,90,188,74,74,60,60,木,智,15,0,,,,,,,,,美食,全队的木属性妖怪智慧＋15,,,,
677,愚蛇,木,126,264,104,104,84,84,木,智,30,0,,,,,,,,,美食呆萌,全队的木属性妖怪智慧＋30,,,,
678,摩呼罗迦,木,142,298,118,118,94,94,木,智,50,0,,,,,,,,,美食呆萌神仙,全队的木属性妖怪智慧＋50,,,,
679,珍藏,水,36,36,92,114,46,92,水,速,50,0,,,,,,,,,神秘,全队的水属性妖怪速度＋50,,,,
680,迷迷,水,58,58,148,184,74,148,水,速,50,0,水,魅,15,,,,,,神秘妹纸,全队的水属性妖怪速度＋50,全队的水属性妖怪魅力＋15,,,
681,苍老师,水,86,86,218,272,108,218,水,速,50,0,水,魅,30,,水,技,0.15,,神秘妹纸神仙,全队的水属性妖怪速度＋50,全队的水属性妖怪魅力＋30,全队的水属性妖怪技巧＋15,,
682,瞌睡蛋,火,88,28,34,70,34,38,火,力,,0.3,,,,,,,,,呆萌,全队的火属性妖怪力量×130%,,,,
683,爱吸霸,火,164,52,64,130,64,72,火,力,,0.3,,,,,,,,,呆萌龙族,全队的火属性妖怪力量×130%,,,,
684,亢金龙,火,228,72,90,182,90,100,火,力,,0.6,,,,,,,,,呆萌龙族战士,全队的火属性妖怪力量×160%,,,,
685,荞似,木,28,42,32,70,34,88,木,魅,15,0,,,,,,,,,自然,全队的木属性妖怪魅力＋15,,,,
686,荞静,木,52,78,58,130,64,164,木,魅,15,0,,,,,,,,,自然人形,全队的木属性妖怪魅力＋15,,,,
687,萌萌小乔,木,72,110,82,182,90,228,木,魅,30,0,,,,,,,,,自然人形妹纸,全队的木属性妖怪魅力＋30,,,政治婚姻,魅力+250
688,灯形,木,42,64,32,34,88,34,木,运,15,0,,,,,,,,,善良,全队的木属性妖怪运气＋15,,,,
689,黑仔,木,78,118,58,64,164,64,木,运,15,0,,,,,,,,,善良人形,全队的木属性妖怪运气＋15,,,,
690,及时雨宋江,木,94,142,70,78,198,78,木,运,30,0,,,,,,,,,善良人形小眼睛,全队的木属性妖怪运气＋30,,,,
691,荞籽,木,28,34,38,70,34,88,木,魅,15,0,,,,,,,,,自然,全队的木属性妖怪魅力＋15,,,,
692,胖妞,木,52,64,72,130,64,164,木,魅,15,0,,,,,,,,,自然人形,全队的木属性妖怪魅力＋15,,,,
693,国色大乔,木,72,90,100,182,90,228,木,魅,30,0,,,,,,,,,自然人形妹纸,全队的木属性妖怪魅力＋30,,,,
694,卷尘,木,30,106,30,38,38,52,木,智,15,0,,,,,,,,,神秘,全队的木属性妖怪智慧＋15,,,,
695,极咒,木,56,198,56,70,70,98,木,智,15,0,,,,,,,,,神秘人形,全队的木属性妖怪智慧＋15,,,,
696,智多星吴用,木,68,238,68,84,84,118,木,智,30,0,,,,,,,,,神秘人形谋略,全队的木属性妖怪智慧＋30,,,,
697,赤焰,暗,16,20,18,60,42,16,暗,魅,,0.3,,,,,,,,,自然,全队的暗属性妖怪魅力×130%,,,,
698,暖暖,暗,40,52,46,146,104,40,暗,魅,,0.3,,,,,,,,,自然人形,全队的暗属性妖怪魅力×130%,,,,
699,紫霞,暗,62,78,70,220,156,62,暗,魅,,0.3,,,,,,,,,自然人形妹纸,全队的暗属性妖怪魅力×130%,,,,
700,兰炎,水,24,16,58,38,20,18,水,魅,,0.3,,,,,,,,,自然,全队的水属性妖怪魅力×130%,,,,
701,冷漠,水,60,40,142,90,50,44,水,魅,,0.3,,,,,,,,,自然人形,全队的水属性妖怪魅力×130%,,,,
702,青霞,水,92,60,214,138,76,68,水,魅,,0.3,,,,,,,,,自然人形妹纸,全队的水属性妖怪魅力×130%,,,,
703,假虫,木,30,36,58,16,18,16,木,速,15,0,,,,,,,,,自然,全队的木属性妖怪速度＋15,,,,
704,冲冲侠,木,74,90,140,40,44,40,木,速,15,0,,,,,,,,,自然人形,全队的木属性妖怪速度＋15,,,,
705,萌太骑,木,94,114,176,50,56,50,木,速,15,0,,,,,,,,,自然人形神速,全队的木属性妖怪速度＋15,,,,
706,针塑,水,62,22,20,20,34,18,水,力,15,0,,,,,,,,,自然,全队的水属性妖怪力量＋15,,,,
707,毛孔兽,水,152,54,48,48,82,42,水,力,15,0,,,,,,,,,自然人形,全队的水属性妖怪力量＋15,,,,
708,孔融,水,192,68,62,62,102,54,水,力,15,0,,,,,,,,,自然人形善良,全队的水属性妖怪力量＋15,,,,
709,葱小,木,104,36,56,30,36,32,木,力,30,0,,,,,,,,,自然,全队的木属性妖怪力量＋30,,,,
710,油侠,木,192,68,102,54,68,62,木,力,30,0,,,,,,,,,自然人形,全队的木属性妖怪力量＋30,,,,
711,豹子头林冲,木,270,96,144,76,96,86,木,力,30,0,,,,,,,,,自然人形神勇,全队的木属性妖怪力量＋30,,,,
712,黄豆豆,光,24,36,16,56,16,30,光,魅,15,0,,,,,,,,,自然,全队的光属性妖怪魅力＋15,,,,
713,豆宝宝,光,58,86,38,136,38,72,光,魅,15,0,,,,,,,,,自然人形,全队的光属性妖怪魅力＋15,,,,
714,黄豆娘,光,72,110,48,170,48,90,光,魅,15,0,,,,,,,,,自然人形妹纸,全队的光属性妖怪魅力＋15,,,,
715,藤坠,木,76,26,72,40,26,52,木,力,30,0,,,,,,,,,自然,全队的木属性妖怪力量＋30,,,,
716,刺喵,木,140,50,134,76,50,96,木,力,30,0,,,,,,,,,自然人形,全队的木属性妖怪力量＋30,,,,
717,刺客荆轲,木,222,80,212,122,80,152,木,力,50,0,,,,,,,,,自然人形战士,全队的木属性妖怪力量＋50,,,情夙,
718,橘仔,土,16,30,18,58,20,30,地,魅,15,0,,,,,,,,,自然,全队的地属性妖怪魅力＋15,,,,
719,皮皮,土,40,76,44,142,50,76,地,魅,15,0,,,,,,,,,自然妹纸,全队的地属性妖怪魅力＋15,,,,
720,陈皮妹,土,50,96,56,178,64,96,地,魅,15,0,,,,,,,,,自然妹纸美食,全队的地属性妖怪魅力＋15,,,,
721,芹正,火,158,50,44,158,68,68,火,力,15,0,,,,,,,,,自然,全队的火属性妖怪力量＋15,,,,
722,囚仔,火,194,62,54,194,82,82,火,力,30,0,,,,,,,,,自然神秘,全队的火属性妖怪力量＋30,,,,
723,秦王,火,286,92,82,286,122,122,火,力,50,0,战士,魅,300,,战士,力,300,,自然神秘战士,全队的火属性妖怪力量＋50,每增加一个战士妖怪力＋300魅-300,,情夙,
724,冰付,水,34,18,20,18,22,64,水,运,15,0,,,,,,,,,自然,全队的水属性妖怪运气＋15,,,,
725,冰偶,水,60,32,36,32,40,112,水,运,15,0,,,,,,,,,自然呆萌,全队的水属性妖怪运气＋15,,,,
726,雪毛,水,82,44,50,44,54,154,水,运,15,0,,,,,,,,,自然呆萌妖怪,全队的水属性妖怪运气＋15,,,,
727,虎仔,光,60,16,18,26,20,32,光,力,15,0,,,,,,,,,小眼睛,全队的光属性妖怪力量＋15,,,,
728,童虎,光,148,42,46,62,52,78,光,力,15,0,,,,,,,,,小眼睛猫咪,全队的光属性妖怪力量＋15,,,,
729,行者武松,光,222,62,70,94,78,118,光,力,30,0,,,,,,,,,小眼睛猫咪神勇,全队的光属性妖怪力量＋30,,,,
730,圆溜,火,20,22,26,44,44,18,火,运,15,0,,,,,,,,,美食,全队的火属性妖怪运气＋15,,,,
731,酒酿圆,火,48,54,64,108,108,42,火,运,30,0,,,,,,,,,美食小眼睛,全队的火属性妖怪运气＋30,,,,
732,房日兔己,火,84,94,114,190,190,76,火,运,30,0,,,,,,,,,美食小眼睛呆萌,全队的火属性妖怪运气＋30,,,,
733,杞生,火,18,22,20,62,26,26,火,魅,15,0,,,,,,,,,自然,全队的火属性妖怪魅力＋15,,,,
734,杞果,火,42,54,48,152,64,64,火,魅,15,0,,,,,,,,,自然呆萌,全队的火属性妖怪魅力＋15,,,,
735,杞妃,火,54,68,62,192,82,82,火,魅,15,0,,,,,,,,,自然呆萌妹纸,全队的火属性妖怪魅力＋15,,,,
736,芋中,土,26,20,16,32,20,60,地,全,10,0,,,,,,,,,美食,每存在一只地属性妖怪全属性＋10,,,,
737,酪付,土,62,52,40,78,52,146,地,全,10,0,,,,,,,,,美食娇小,每存在一只地属性妖怪全属性＋10,,,,
738,氐土貉,土,94,78,62,116,78,220,地,全,10,0,,,,,,,,,美食娇小邪恶,每存在一只地属性妖怪全属性＋10,,,,
739,瓶守,水,48,38,64,32,24,90,水,技,,0.3,,,,,,,,,善良,全队的水属性妖怪技巧×130%,,,,
740,巡卫,水,88,70,118,58,46,166,水,技,,0.3,,,,,,,,,善良人形,全队的水属性妖怪技巧×130%,,,,
741,小李广花容,水,124,98,165,82,66,232,水,技,,0.3,,,,,,,,,善良人形神勇,全队的水属性妖怪技巧×130%,,,,
742,一万,暗,12,12,12,12,12,52,暗,技,15,,,,,,,,,,法器,全队的暗属性妖怪技巧＋15,法器互斥！,,,
743,漆风,暗,32,32,32,32,32,128,暗,技,30,,,,,,,,,,法器人形,全队的暗属性妖怪技巧＋30,法器互斥！,,,
744,万一君,暗,54,54,54,54,54,222,全,技,40,,,,,,,,,,法器人形奇特,全队每人技巧+40,法器互斥！,,,
745,二万,火,12,12,12,12,52,12,光,运,15,,,,,,,,,,法器,全队的光属性妖怪运气＋15,法器互斥！,,,
746,彩双,火,32,32,32,32,128,32,光,运,30,,,,,,,,,,法器财迷,全队的光属性妖怪运气＋30,法器互斥！,,,
747,彩运,火,54,54,54,54,222,54,全,运,40,,,,,,,,,,法器财迷吉祥,全队每人运气+40,法器互斥！,,,
748,三万,光,12,12,12,52,12,12,光,魅,15,,,,,,,,,,法器,全队的光属性妖怪魅力＋15,法器互斥！,,,
749,三彩,光,32,32,32,128,32,32,光,魅,30,,,,,,,,,,法器自然,全队的光属性妖怪魅力＋30,法器互斥！,,,
750,霓虹,光,54,54,54,222,54,54,全,魅,40,,,,,,,,,,法器自然妹纸,全队每人魅力+40,法器互斥！,,,
751,四万,木,22,22,22,22,22,88,木,技,30,,,,,,,,,,法器,全队的木属性妖怪技巧＋30,法器互斥！,,,
752,丸肆,木,40,40,40,40,40,162,木,技,50,,,,,,,,,,法器美食,全队的木属性妖怪技巧＋50,法器互斥！,,,
753,厨妃,木,64,64,64,64,64,258,全,技,80,,,,,,,,,,法器美食妹纸,全队每人技巧+80,法器互斥！,,,
754,五万,火,88,22,22,22,22,22,火,力,30,,,,,,,,,,法器,全队的火属性妖怪力量＋30,法器互斥！,,,
755,刺灵,火,162,40,40,40,40,40,火,力,50,,,,,,,,,,法器武器,全队的火属性妖怪力量＋50,法器互斥！,,,
756,剑舞,火,258,64,64,64,64,64,全,力,80,,,,,,,,,,法器武器妹纸,全队每人力量＋80,法器互斥！,,,
757,六万,暗,22,22,88,22,22,22,暗,速,30,,,,,,,,,,法器,全队的暗属性妖怪速度＋30,法器互斥！,,,
758,喵溜,暗,40,40,162,40,40,40,暗,速,50,,,,,,,,,,法器猫咪,全队的暗属性妖怪速度＋50,法器互斥！,,,
759,喵六爷,暗,64,64,258,64,64,64,全,速,80,,,,,,,,,,法器猫咪神速,全队每人速度+80,法器互斥！,,,
760,七万,暗,28,140,28,28,28,28,暗,智,30,,,,,,,,,,法器,全队的暗属性妖怪智慧＋30,法器互斥！,,,
761,诗童,暗,44,224,44,44,44,44,暗,智,50,,,,,,,,,,法器人形,全队的暗属性妖怪智慧＋50,法器互斥！,,,
762,七绝散人,暗,65,329,65,65,65,65,全,智,160,,,,,,,,,,法器人形谋略,全队每人智慧+160,法器互斥！,,,
763,八万,光,28,28,140,28,28,28,光,速,30,,,,,,,,,,法器,全队的光属性妖怪速度＋30,法器互斥！,,,
764,荫盒,光,44,44,224,44,44,44,光,速,50,,,,,,,,,,法器猫咪,全队的光属性妖怪速度＋50,法器互斥！,,,
765,喵小白,光,65,65,329,65,65,65,全,速,160,,,,,,,,,,法器猫咪神速,全队每人速度+160,法器互斥！,,,
766,九万,暗,28,140,28,28,28,28,暗,智,50,,,,,,,,,,法器,全队的暗属性妖怪智慧＋50,法器互斥！,,,
767,炼生,暗,44,224,44,44,44,44,全,智,160,,,,,,,,,,法器谋略,全队每人智慧+160,法器互斥！,,,
768,九天玄老,暗,65,329,65,65,65,65,暗,全,160,,,,,,,,,,法器谋略神仙,暗属性妖怪全属性＋160,法器互斥！,,,
769,金银蕊,木,48,38,24,90,64,32,木,魅,15,,,,,,,,,,自然,全队的木属性妖怪魅力＋15,,,,
770,灵双,木,88,70,46,166,118,58,木,魅,30,,,,,,,,,,自然妹纸,全队的木属性妖怪魅力＋30,,,,
771,飞燕姬,木,139,112,74,262,188,94,木,魅,50,,,,,,,,,,自然妹纸妹纸,全队的木属性妖怪魅力＋50,,,,
772,遗酒,土,54,22,14,28,38,18,地,力,15,,,,,,,,,,美食,全队的地属性妖怪力量＋15,,,,
773,酒吞,土,129,54,35,68,91,45,地,力,30,,地,技,15,,,,,,美食人形,全队的地属性妖怪力量＋30,全队的地属性妖怪技巧＋15,,,
774,鲁智深,土,196,84,56,104,139,70,地,力,30,,地,技,15,,,,,,美食人形神勇,全队的地属性妖怪力量＋30,全队的地属性妖怪技巧＋15,,,
775,心蓝,暗,18,21,27,38,14,54,暗,技,,0.3,,,,,,,,,美食,全队的暗属性妖怪技巧×130%,,,,
776,月酱,暗,45,54,68,91,35,129,暗,技,,0.3,,,,,,,,,美食娇小,全队的暗属性妖怪技巧×130%,,,,
777,心月狐,暗,80,96,119,162,63,226,暗,技,,0.6,,,,,,,,,美食娇小妹纸,全队的暗属性妖怪技巧×160%,,,,
778,戚虎仔,火,54,19,14,27,18,38,火,力,15,,,,,,,,,,美食,全队的火属性妖怪力量＋15,,,,
779,胖虎,火,129,50,35,70,45,93,火,力,30,,,,,,,,,,美食魁梧,全队的火属性妖怪力量＋30,,,,
780,尾火虎,火,198,76,56,106,70,139,火,力,30,,,,,,,,,,美食魁梧猫咪,全队的火属性妖怪力量＋30,,,,
781,水团,水,16,16,56,30,19,39,水,智,15,,,,,,,,,,自然,全队的水属性妖怪智慧＋15,,,,
782,水母,水,37,37,135,72,47,95,水,智,15,,,,,,,,,,自然娇小,全队的水属性妖怪智慧＋15,,,,
783,僧帽水母,水,48,48,170,90,60,122,水,智,15,,,,,,,,,,自然娇小人形,全队的水属性妖怪智慧＋15,,,,
784,土包,土,100,42,54,36,27,36,土,全,10,,,,,,,,,,自然,每增加一只地属性妖怪全属性＋10,,,,
785,土仔,土,186,80,100,66,52,66,土,全,10,,,,,,,,,,自然人形,每增加一只地属性妖怪全属性＋10,,,,
786,仁山,土,293,125,158,104,84,104,土,全,10,,,,,,,,,,自然人形善良,每增加一只地属性妖怪全属性＋10,,,人山人海,全队每人全属性＋58
787,秘汤,水,52,42,34,100,28,38,水,全,10,,,,,,,,,,自然,每增加一只水属性妖怪全属性＋10,,,,
788,鱼美,水,97,78,64,183,52,72,水,全,10,,,,,,,,,,自然人形,每增加一只水属性妖怪全属性＋10,,,,
789,忍海,水,156,123,104,289,82,114,水,全,10,,,,,,,,,,自然人形妹纸,每增加一只水属性妖怪全属性＋10,,,人山人海,全队每人全属性＋58
790,历册,光,0,0,0,0,0,0,光,运,,0.3,,,,,,,,,神秘,全队的光属性妖怪运气×130%,,,,
791,纸灵,光,0,0,0,0,0,0,光,运,,0.3,,,,,,,,,神秘人形,全队的光属性妖怪运气×130%,,,,
792,无忧娘,光,86,94,222,62,62,222,光,运,,0.6,,,,,,,,,神秘人形妹纸,全队的光属性妖怪运气×160%,,,,
793,莲仔,水,56,24,16,26,18,40,水,力,,0.3,,,,,,,,,神勇,全队的水属性妖怪力量×130%,,,,
794,豹力,水,133,56,37,62,42,95,水,力,,0.3,,,,,,,,,神勇善良,全队的水属性妖怪力量×130%,,,,
795,箕水豹,水,234,99,66,107,74,166,水,力,,0.6,,,,,,,,,神勇善良小眼睛,全队的水属性妖怪力量×160%,,,,
796,树方,木,46,38,30,27,88,61,木,运,,0.3,,,,,,,,,自然,全队的木属性妖怪运气×130%,,,,
797,井生,木,88,70,58,52,164,116,木,运,,0.3,,,,,,,,,自然人形,全队的木属性妖怪运气×130%,,,,
798,井木犴,木,137,110,92,82,260,186,木,运,,0.6,,,,,,,,,自然人形神秘,全队的木属性妖怪运气×160%,,,,
799,隐花,水,23,23,19,60,19,23,水,魅,15,,,,,,,,,,自然,全队的水属性妖怪魅力＋15,,,,
800,藻娘,水,60,60,50,143,50,60,水,魅,15,,,,,,,,,,自然妹纸,全队的水属性妖怪魅力＋15,,,,
801,尾姬,水,75,75,64,180,64,75,水,魅,15,,,,,,,,,,自然妹纸善良,全队的水属性妖怪魅力＋15,,,,
802,海飞,水,23,21,54,38,13,19,水,速,15,,,,,,,,,,妖怪,全队的水属性妖怪速度＋15,,,,
803,兔娘,水,60,56,129,93,35,50,水,速,15,,,,,,,,,,妖怪妹纸,全队的水属性妖怪速度＋15,,,,
804,海兔娘,水,75,70,166,118,46,64,水,速,15,,,,,,,,,,妖怪妹纸神速,全队的水属性妖怪速度＋15,,,,
805,珊心,水,31,35,24,52,20,28,水,魅,15,,,,,,,,,,自然,全队的水属性妖怪魅力＋15,,,,
806,青过娘,水,49,53,37,84,33,46,水,魅,15,,,,,,,,,,自然妖怪,全队的水属性妖怪魅力＋15,,,,
807,海葵妃,水,88,96,66,148,58,82,水,魅,15,,,,,,,,,,自然妖怪妹纸,全队的水属性妖怪魅力＋15,,,,
808,蓝羽,水,42,25,54,14,16,19,水,速,15,,,,,,,,,,飞翔,全队的水属性妖怪速度＋15,,,,
809,蓝孩纸,水,104,62,131,35,42,52,水,速,15,,,,,,,,,,飞翔人形,全队的水属性妖怪速度＋15,,,,
810,扑天雕李应,水,157,94,198,54,62,78,水,速,30,,,,,,,,,,飞翔人形神速,全队的水属性妖怪速度＋30,,,,
811,血满,火,42,14,16,25,19,54,火,技,15,,,,,,,,,,妖怪,全队的火属性妖怪技巧＋15,,,,
812,鬼刷,火,104,36,42,62,52,132,火,技,15,,,,,,,,,,妖怪人形,全队的火属性妖怪技巧＋15,,,,
813,赤发鬼刘唐,火,157,54,62,94,78,198,火,技,30,,,,,,,,,,妖怪人形神秘,全队的火属性妖怪技巧＋30,,,,
814,犬方,土,42,19,25,54,16,14,地,魅,15,,,,,,,,,,呆萌,全队的地属性妖怪魅力＋15,,,,
815,标兵,土,104,52,62,132,42,36,地,魅,15,,,,,,,,,,呆萌人形,全队的地属性妖怪魅力＋15,,,,
816,青面兽杨志,土,157,78,94,198,62,54,地,魅,30,,,,,,,,,,呆萌人形小眼睛,全队的地属性妖怪魅力＋30,,,,
817,参段,土,30,25,23,23,50,19,地,运,15,,,,,,,,,,美食,全队的地属性妖怪运气＋15,,,,
818,呆仔,土,72,66,60,60,122,48,地,运,15,,,,,,,,,,美食人形,全队的地属性妖怪运气＋15,,,,
819,参童,土,92,84,75,75,152,60,地,运,15,,,,,,,,,,美食人形神仙,全队的地属性妖怪运气＋15,,,,
820,五色石,水,54,65,58,31,82,124,水,技,,0.3,,,,,,,,,自然,全队的水属性妖怪技巧×130%,,,,
821,阴女,水,86,106,92,52,131,199,水,技,,0.3,,,,,,,,,自然妹纸,全队的水属性妖怪技巧×130%,,,,
822,创世女娲,水,114,140,122,70,175,264,水,技,,0.6,,,,,,,,,自然妹纸神仙,全队的水属性妖怪技巧×160%,,,创世夫妇,全队每人运技×130%
823,绳仙,土,60,34,69,30,88,132,地,运,,0.3,,,,,,,,,自然,全队的地属性妖怪运气×130%,,,,
824,风义,土,98,56,112,48,140,212,地,运,,0.3,,,,,,,,,自然人形,全队的地属性妖怪运气×130%,,,,
825,创世伏羲,土,130,74,150,63,185,280,地,运,,0.6,,,,,,,,,自然人形神仙,全队的地属性妖怪运气×160%,,,创世夫妇,全队每人运技×130%
826,馄饨,光,113,92,46,46,39,79,光,力,15,,,,,,,,,,美食,全队的光属性妖怪力量＋15,,,,
827,红帽儿,光,184,146,72,72,64,128,光,力,30,,,,,,,,,,美食神勇,全队的光属性妖怪力量＋30,,,,
828,混沌,光,272,218,108,108,94,190,光,力,50,,,,,,,,,,美食神勇邪恶,全队的光属性妖怪力量＋50,,,,
829,蓝瘦香菇,水,14,42,18,25,19,54,水,全,5,,,,,,,,,,美食,每存在一只水属性妖怪全属性＋5,,,,
830,心苦书童,水,35,104,46,62,52,130,水,全,5,,,,,,,,,,美食人形,每存在一只水属性妖怪全属性＋5,,,,
831,愁苦孟郊,水,46,130,58,77,64,164,水,全,10,,,,,,,,,,美食人形老人家,每存在一只水属性妖怪全属性＋10,,,,
832,昭烈刘玄德,土,107,265,84,316,96,96,地,魅,50,,,,,,,,,,小眼睛人形战士神秘,全队的地属性妖怪魅力＋50,,,真三个臭皮匠,
833,武圣关云长,木,255,77,255,158,77,140,木,力,,1,,,,,,,,,善良神勇龙族战士,全队的木属性妖怪力量×200%,,,真三个臭皮匠,
834,咆哮张翼德,土,251,130,251,77,130,130,地,力,,1,,,,,,,,,邪恶战士神勇魁梧,全队的地属性妖怪力量×200%,,,真三个臭皮匠,
835,神算诸葛亮,光,34,368,79,138,251,218,光,智,50,,光,全,0,,,,,,呆萌人形谋略飞翔,四只光光属性妖怪全属性＋60,全队的光属性妖怪智慧＋50,,,
836,四大美女貂蝉,火,83,196,119,372,64,251,火,魅,,1.5,,,,,,,,,娇小呆萌妹纸冰冷,全队的火属性妖怪魅力×250%,,,真驰名商标,速度+350 魅力+350
837,赤兔吕布,暗,366,72,274,136,72,164,暗,力,,1.5,,,,,,,,,善良战士神勇财迷,全队的暗属性妖怪力量×250%,,,真驰名商标,速度+350 魅力+350
838,南瓜仔,火,19,21,18,23,34,56,火,技,15,,,,,,,,,,自然,全队的火属性妖怪技巧＋15,,,,
839,南瓜灵,火,50,54,44,60,81,137,火,技,30,,,,,,,,,,自然奇特,全队的火属性妖怪技巧＋30,,,,
840,捣蛋鬼,火,86,96,76,105,144,239,火,技,30,,,,,,,,,,自然奇特妖怪,全队的火属性妖怪技巧＋30,,,万圣战役,
841,魔剑,暗,96,19,48,39,48,44,暗,力,15,,,,,,,,,,武器,全队的暗属性妖怪力量＋15,,,,
842,无头将军,暗,178,36,88,74,88,82,暗,力,30,,,,,,,,,,武器神勇,全队的暗属性妖怪力量＋30,,,,
843,剑魔骑士,暗,281,57,139,117,139,129,暗,力,50,,,,,,,,,,武器神勇战士,全队的暗属性妖怪力量＋50,,,万圣战役,
844,帚木,暗,42,79,79,168,31,144,暗,魅,,0.3,,,,,,,,,呆萌,全队的暗属性妖怪魅力×130%,,,,
845,小魔女,暗,52,98,98,204,40,174,暗,魅,,0.6,,,,,,,,,呆萌善良,全队的暗属性妖怪魅力×160%,,,,
846,魔道师,暗,76,145,145,302,60,258,暗,魅,,0.6,暗,技,,0.3,,,,,呆萌善良妹纸,全队的暗属性妖怪魅力×160%,全队的暗属性妖怪技巧×130%,,万圣战役,
847,嘴鬼,木,128,48,63,52,63,58,木,力,,0.3,,,,,,,,,美食,全队的木属性妖怪力量×130%,,,,
848,肉迷,木,206,76,102,86,102,94,木,力,,0.3,,,,,,,,,美食妖怪,全队的木属性妖怪力量×130%,,,,
849,饕餮,木,240,90,120,100,120,109,木,力,,0.6,,,,,,,,,美食妖怪神秘,全队的木属性妖怪力量×160%,,,,
850,八仙何仙姑,水,106,214,106,320,170,170,水,魅,50,,,,,,,,,,水性妹纸神仙自然,全队的水属性妖怪魅力＋50,,,真八仙过海,全队每人全属性＋328
851,八仙汉钟离,火,52,146,252,104,220,314,火,速,50,,,,,,,,,,小眼睛神仙老人家飞翔,全队的火属性妖怪速度＋50,,,真八仙过海,全队每人全属性＋329
852,八仙铁拐李,木,100,78,356,122,144,290,水,技,50,,,,,,,,,,神仙神速老人家神速,全队的木属性妖怪速度＋50,,,真八仙过海,全队每人全属性＋330
853,八仙吕洞宾,水,324,182,252,90,90,150,水,力,50,,,,,,,,,,武器神仙战士飞翔,全队的水属性妖怪力量＋50,,,真八仙过海,全队每人全属性＋331
854,迷迷貂,暗,34,116,38,136,26,66,暗,魅,,0.3,,,,,,,,,娇小,全队的暗属性妖怪魅力×130%,,,,
855,貂侍,暗,55,186,62,217,41,106,暗,魅,,0.6,,,,,,,,,娇小呆萌,全队的暗属性妖怪魅力×160%,,,,
856,倾城美女貂蝉,暗,82,276,92,322,64,156,暗,魅,,1,,,,,,,,,娇小呆萌妹纸,全队的暗属性妖怪魅力×200%,,,,
857,魅影夫人,暗,90,302,100,354,70,172,暗,魅,,1,暗,智,,0.3,,,,,娇小呆萌妹纸善良,全队的暗属性妖怪魅力×200%,全队的暗属性妖怪智慧×130%,,,
858,沫沫,水,19,21,18,23,34,56,水,技,15,,,,,,,,,,水性,全队的水属性妖怪技巧＋15,,,,
859,清道夫,水,50,54,44,60,82,138,水,技,30,,,,,,,,,,水性善良,全队的水属性妖怪技巧＋30,,,,
860,混江龙李俊,水,74,82,65,90,124,208,水,技,30,,,,,,,,,,水性善良自然,全队的水属性妖怪技巧＋30,,,,
861,八仙蓝采和,水,70,180,110,250,180,300,水,技,50,,,,,,,,,,妹纸吉祥神仙善良,全队的水属性妖怪技巧＋50,,,真八仙过海,全队每人全属性＋328
862,狗呆,光,0,0,0,0,0,0,光,速,,,,,,,,,,,小眼睛,全队的光属性妖怪速度×130%,,,,
863,热狗,光,0,0,0,0,0,0,光,速,,,,,,,,,,,小眼睛美食,全队的光属性妖怪速度×160%,,,,
864,单身狗,光,184,137,278,110,0,278,光,速,,1,,,,,,,,,小眼睛美食神速,全队的光属性妖怪速度×200%,,,,
865,大天狗,光,204,152,306,122,0,306,全,速,,1,妹纸,运,111,,,,,,小眼睛美食神速飞翔,全队妖怪速度×200%,每增加一个妹纸妖怪运＋111,,,
866,八仙曹国舅,火,324,80,60,162,272,192,火,力,50,,,,,,,,,,神仙善良老人家水性,全队的火属性妖怪力量＋50,,,真八仙过海,全队每人全属性＋328
867,八仙张果老,土,324,96,238,86,172,172,地,力,50,,,,,,,,,,奇特呆萌神仙神速,全队的地属性妖怪力量＋50,,,真八仙过海,全队每人全属性＋328
868,八仙韩湘子,水,88,218,188,318,118,158,水,魅,50,,,,,,,,,,妹纸乐器神仙冰冷,全队的水属性妖怪魅力＋50,,,真八仙过海,全队每人全属性＋328
869,缚圆,暗,44,19,31,96,48,60,暗,魅,15,,,,,,,,,,妖怪,全队的暗属性妖怪魅力＋15,,,,
870,易容,暗,80,35,58,175,88,109,暗,魅,15,,,,,,,,,,妖怪人形,全队的暗属性妖怪魅力＋15,,,,
871,九霄,暗,112,50,82,246,122,153,暗,魅,30,,,,,,,,,,妖怪人形妹纸,全队的暗属性妖怪魅力＋30,,,,
872,落头虫,光,28,12,58,24,28,26,光,速,15,,,,,,,,,,妖怪,全队的光属性妖怪速度＋15,,,,
873,落头民,光,70,27,139,58,70,64,光,速,15,,,,,,,,,,妖怪人形,全队的光属性妖怪速度＋15,,,,
874,飞头撩,光,104,43,219,88,104,96,光,速,30,,,,,,,,,,妖怪人形飞翔,全队的光属性妖怪速度＋30,,,,
875,狐精,火,30,58,58,42,121,103,火,运,,0.3,,,,,,,,,妖怪,全队的火属性妖怪运气×130%,,,,
876,狐妮,火,50,94,94,66,196,168,火,运,,0.6,,,,,,,,,妖怪人形,全队的火属性妖怪运气×130%,,,,
877,婴宁,火,74,139,139,98,290,247,火,运,,0.6,,,,,,,,,妖怪人形妹纸,全队的火属性妖怪运气×160%,全队的火属性妖怪运气×160%,,妖狐之恋,全队每人运气+50
878,银冠,水,61,111,31,31,130,44,水,运,,0.3,,,,,,,,,财迷,全队的水属性妖怪运气×130%,全队的水属性妖怪运气×130%,,,
879,痴花,水,102,180,53,53,209,72,水,运,,0.6,,,,,,,,,财迷人形,全队的水属性妖怪运气×160%,全队的水属性妖怪运气×160%,,,
880,王子服,水,149,266,78,78,310,106,水,运,,1,,,,,,,,,财迷人形吉祥,全队的水属性妖怪运气×200%,全队的水属性妖怪运气×200%,,妖狐之恋,全队每人运气+50
881,鞋双,土,30,12,21,23,60,25,地,运,15,,,,,,,,,,奇特,全队的地属性妖怪运气＋15,,,,
882,草兄,土,72,30,54,60,146,66,地,运,15,,,,,,,,,,奇特人形,全队的地属性妖怪运气＋15,,,,
883,败履,土,92,37,68,75,184,84,地,运,30,,,,,,,,,,奇特人形邪恶,全队的地属性妖怪运气＋30,,,,
884,一条,木,12,12,12,12,52,12,,,,,,,,,,,,,法器,法器互斥！,,,,
885,彩鸣,木,32,32,32,32,128,32,木,运,,0.3,,,,,,,,,法器自然,法器互斥！,全队的木属性妖怪运气×130%,,,
886,林婆,木,53,53,53,53,222,53,木,运,,0.3,老人家,运,40,,,,,,法器自然老人家,法器互斥！,全队的木属性妖怪运气×130%,每增加一个老人家妖怪运+40,,
887,二条,暗,12,12,52,12,12,12,,,,,,,,,,,,,法器,法器互斥！,,,,
888,木奇,暗,32,32,128,32,32,32,暗,速,,0.3,,,,,,,,,法器人形,法器互斥！,全队的暗属性妖怪速度×130%,,,
889,探踪,暗,53,53,222,53,53,53,暗,速,,0.3,小眼睛,速,40,,,,,,法器人形小眼睛,法器互斥！,全队的暗属性妖怪速度×130%,每增加一个小眼睛妖怪速+40,,
890,三条,暗,12,12,12,52,12,12,,,,,,,,,,,,,法器,法器互斥！,,,,
891,迷偶,暗,32,32,32,128,32,32,暗,魅,,0.3,,,,,,,,,法器神秘,法器互斥！,全队的光属性妖怪力量×130%,,,
892,奇姬,暗,53,53,53,222,53,53,暗,魅,,0.3,善良,魅,40,,,,,,法器神秘善良,法器互斥！,全队的光属性妖怪力量×130%,每增加一个善良妖怪魅+40,,
893,四条,光,88,22,22,22,22,22,,,,,,,,,,,,,法器,法器互斥！,,,,
894,武仔,光,162,40,40,40,40,40,光,力,,0.6,,,,,,,,,法器人形,法器互斥！,全队的暗属性妖怪魅力×1600%,,,
895,唐龙,光,258,64,64,64,64,64,光,力,,0.6,战士,力,80,,,,,,法器人形善良,法器互斥！,全队的暗属性妖怪魅力×160%,每增加一个战士妖怪力+80,,
896,五条,火,22,88,22,22,22,22,,,,,,,,,,,,,法器,法器互斥！,,,,
897,书包君,火,40,162,40,40,40,40,火,智,,0.6,,,,,,,,,法器谋略,法器互斥！,全队的火属性妖怪智慧×160%,,,
898,五杠队长,火,64,258,64,64,64,64,火,智,,0.6,人形,智,80,,,,,,法器谋略人形,法器互斥！,全队的火属性妖怪智慧×160%,每增加一个人形妖怪智+80,,
899,六条,水,22,22,22,22,22,88,,,,,,,,,,,,,法器,法器互斥！,,,,
900,琵琶君,水,40,40,40,40,40,162,水,技,,0.6,,,,,,,,,法器妹纸,法器互斥！,全队的水属性妖怪技巧×160%,,,
901,卓文君,水,64,64,64,64,64,258,水,技,,0.6,乐器,技,80,,,,,,法器妹纸乐器,法器互斥！,全队的水属性妖怪技巧×160%,每增加一个乐器妖怪技+80,,
902,七条,土,28,140,28,28,28,28,,,,,,,,,,,,,法器,法器互斥！,,,,
903,古琴仔,土,44,224,44,44,44,44,地,智,,1,,,,,,,,,法器乐器,法器互斥！,全队的土属性妖怪智慧×200%,,,
904,司马相如,土,65,329,65,65,65,65,地,智,,1,谋略,智,160,,,,,,法器乐器谋略,法器互斥！,全队的土属性妖怪智慧×200%,每增加一个谋略妖怪智+160,,
905,八条,火,28,28,28,140,28,28,,,,,,,,,,,,,法器,法器互斥！,,,,
906,枯蛛,火,43,43,43,223,43,43,火,魅,,0.6,,,,,,,,,法器自然,法器互斥！,全队的火属性妖怪魅力×200%,,,
907,络新妇,火,65,65,65,329,65,65,火,魅,,0.6,妹纸,魅,160,,,,,,法器自然妹纸,法器互斥！,全队的火属性妖怪魅力×200%,每增加一个妹纸妖怪魅+160,,
908,九条,火,140,28,28,28,28,28,,,,,,,,,,,,,法器,法器互斥！,,,,
909,雨梨标,火,223,43,43,43,43,43,火,全,,0.6,,,,,,,,,法器武器,法器互斥！,全队的火属性妖怪全属性×160%,,,
910,曼青侠,火,329,65,65,65,65,65,火,全,,0.6,神勇,全,160,,,,,,法器武器神勇,法器互斥！,全队的火属性妖怪全属性×160%,每增加一个神勇妖怪全属性+160,,
911,污鸡,暗,0,0,0,-100,-100,200,暗,魅,,0.3,,,,,,,,,彩蛋,全队的暗属性妖怪魅力×130%,,,,
912,键盘侠,暗,0,0,0,-200,-200,300,暗,魅,,0.6,,,,,,,,,彩蛋,全队的暗属性妖怪魅力×160%,,,,
913,黑客公鸡,暗,0,0,0,-300,-300,400,暗,魅,,1,,,,,,,,,彩蛋,全队的暗属性妖怪魅力×200%,,,,
914,礼方,火,31,42,61,126,42,107,火,魅,15,,,,,,,,,,呆萌,全队的火属性妖怪魅力＋15,,,,
915,送礼仔,火,52,70,98,204,70,174,火,魅,30,,,,,,,,,,呆萌善良,全队的火属性妖怪魅力＋30,,,,
916,圣诞老人,火,67,91,130,270,91,232,火,魅,50,,,,,,,,,,呆萌善良老人家,全队的火属性妖怪魅力＋50,,,圣诞快乐,
917,兔兔,光,25,63,38,98,31,36,光,魅,15,,,,,,,,,,自然,全队的光属性妖怪魅力＋15,,,,
918,兔耳,光,47,119,72,181,59,66,光,魅,30,,,,,,,,,,自然邪恶,全队的光属性妖怪魅力＋30,,,,
919,讹兽,光,58,146,86,218,72,80,光,魅,30,,,,,,,,,,自然邪恶妹纸,全队的光属性妖怪魅力＋30,,,圣诞快乐,
920,松果,木,14,19,21,58,18,38,木,魅,15,,,,,,,,,,自然,全队的木属性妖怪魅力＋15,,,,
921,松树,木,38,52,56,142,46,94,木,魅,30,,,,,,,,,,自然神秘,全队的木属性妖怪魅力＋30,,,,
922,圣诞树,木,56,78,86,214,70,141,木,魅,30,,,,,,,,,,自然神秘魁梧,全队的木属性妖怪魅力＋30,,,圣诞快乐,
923,椰壳,光,56,252,64,252,72,86,光,魅,15,,,,,,,,,,自然,全队的光属性妖怪魅力＋15,,,,
924,耶酥,光,63,286,72,286,80,98,光,魅,30,,,,,,,,,,自然神仙,全队的光属性妖怪魅力＋30,,,,
925,耶稣,光,72,318,82,318,90,108,光,魅,50,光,全,0,,,,,,,自然神仙善良,全队的光属性妖怪魅力＋50,八只光光属性妖怪全属性＋200,,,
926,糖拐,火,27,50,109,128,71,39,火,运,,0.3,,,,,,,,,神秘,全队的火属性妖怪运气×130%,,,,
927,糖圈,火,44,78,168,196,112,62,火,运,,0.3,,,,,,,,,神秘神秘,全队的火属性妖怪运气×130%,,,,
928,圣诞套鹿,火,58,102,221,258,148,80,火,运,,0.6,,,,,,,,,神秘神秘神秘,全队的火属性妖怪运气×160%,,,,
929,群芳,光,52,66,44,70,132,52,光,智,,0.3,,,,,,,,,自然,全队的光属性妖怪智慧×130%,,,,
930,蘅芜君,光,84,140,70,148,140,84,光,智,,0.6,,,,,,,,,自然吉祥,全队的光属性妖怪智慧×160%,,,,
931,薛宝钗,光,108,269,90,279,134,108,光,智,,1,,,,,,,,,自然吉祥妹纸,全队的光属性妖怪智慧×200%,,,石头记,
932,通灵宝玉,火,40,102,32,124,62,54,火,智,,0.3,,,,,,,,,自然,全队的火属性妖怪智慧×130%,,,,
933,绛洞花主,火,66,166,52,199,100,86,火,智,,0.6,,,,,,,,,自然人形,全队的火属性妖怪智慧×160%,,,,
934,贾宝玉,火,98,245,78,294,145,128,火,智,,1,,,,,,,,,自然人形神秘,全队的火属性妖怪智慧×200%,,,石头记,
935,绛珠仙草,木,40,80,32,122,60,80,木,智,,0.3,,,,,,,,,自然,全队的木属性妖怪智慧×130%,,,,
936,潇湘妃子,木,35,148,58,222,58,148,木,智,,0.6,,,,,,,,,自然冰冷,全队的木属性妖怪智慧×160%,,,,
937,林黛玉,木,-1,242,96,361,47,242,木,智,,1,,,,,,,,,自然冰冷妹纸,全队的木属性妖怪智慧×200%,,,石头记,
938,龙子囚牛,火,300,54,108,164,122,340,火,全,0,,龙族,力速运,88,,,,,,乐器人形龙族,四只火火属性妖怪全属性+100,每增加一个龙族妖怪力速运＋88,,,
939,龙子睚眦,暗,50,152,142,306,80,356,暗,全,0,,龙族,力速运,88,,,,,,神秘人形龙族,四只暗暗属性妖怪全属性＋100,每增加一个龙族妖怪力速运＋88,,,
940,龙子嘲风,水,152,152,334,124,190,134,水,全,0,,龙族,力速运,88,,,,,,奇特人形龙族飞翔,四只水水属性妖怪全属性＋100,每增加一个龙族妖怪力速运＋88,,,
941,龙子蒲牢,土,84,146,52,156,336,314,地,全,0,,龙族,力速运,88,,,,,,呆萌妖怪龙族谋略,四只地地属性妖怪全属性＋100,每增加一个龙族妖怪力速运＋88,,,
942,龙子赑屃,木,200,180,50,130,160,360,木,全,0,,龙族,力速运,88,,,,,,自然机械龙族魁梧,四只木木属性妖怪全属性＋100,每增加一个龙族妖怪力速运＋88,,,
943,龙子狻猊,土,356,121,144,178,87,200,地,力,,1,龙族,力速运,88,,,,,,小眼睛美食龙族武器,全队的地属性妖怪力量×200%,每增加一个龙族妖怪力速运＋88,,,
944,龙王敖广,水,304,92,304,138,100,148,水,速,,1,龙族,力速运,128,,,,,,邪恶龙族神仙水性,全队的水属性妖怪速度×200%,每增加一个龙族妖怪力速运＋128,,真四海游龙,
945,龙王敖钦,火,324,108,88,136,108,324,火,技,50,,龙族,力速运,128,,,,,,美食龙族神仙奇特,全队的火属性妖怪技巧＋50,每增加一个龙族妖怪力速运＋128,,真四海游龙,
946,龙王敖闰,木,130,92,112,140,308,308,木,技,,0.6,龙族,力速运,128,,,,,,奇特龙族神仙自然,全队的木属性妖怪技巧×160%,每增加一个龙族妖怪力速运＋128,,真四海游龙,
947,龙王敖顺,光,132,310,112,140,84,310,水,全,60,,龙族,力速运,128,,,,,,邪恶龙族神仙机械,一只水属性妖怪全属性＋60,每增加一个龙族妖怪力速运＋128,,真四海游龙,
948,咸鱼,暗,96,38,58,18,38,46,暗,力,15,,,,,,,,,,美食,全队的暗属性妖怪力量＋15,,,,
949,尚方宝剑,暗,178,70,106,34,70,86,暗,力,30,,,,,,,,,,美食武器,全队的暗属性妖怪力量＋30,,,,
950,锦衣卫将军,暗,283,112,170,55,112,135,暗,力,50,,,,,,,,,,美食武器善良,全队的暗属性妖怪力量＋50,,,,
951,工口,光,19,16,52,30,30,23,光,速,15,,,,,,,,,,奇特,全队的光属性妖怪速度＋15,,,,
952,跑男,光,50,40,126,76,76,60,光,速,30,,,,,,,,,,奇特神速,全队的光属性妖怪速度＋30,,,,
953,跨年娃,光,76,60,190,114,114,92,光,速,30,,,,,,,,,,奇特神速妹纸,全队的光属性妖怪速度＋30,,,,
954,龙子狴犴,火,216,132,156,144,108,336,火,力,50,,火,运,50,,龙族,力速运,88,,善良龙族谋略神秘,全队的火属性妖怪力量＋50,全队的火属性妖怪运气＋50,每增加一个龙族妖怪力速运＋88,,
955,龙子负屃,光,78,58,348,148,298,158,光,速,0,,龙族,力速运,88,,,,,,自然龙族神仙谋略,四只光光属性妖怪速度+200,每增加一个龙族妖怪力速运＋88,,,
956,龙子魑吻,火,352,100,188,150,112,188,火,力,50,,水,力,,0.6,龙族,力速运,88,,美食龙族神勇魁梧,全队的火属性妖怪力量＋50,全队的水属性妖怪力量×160%,每增加一个龙族妖怪力速运＋88,,
957,纸方,火,23,30,19,36,19,50,火,技,15,,,,,,,,,,自然,全队的火属性妖怪技巧＋15,,,,
958,剪娘,火,56,72,47,85,47,120,火,技,15,,,,,,,,,,自然妹纸,全队的火属性妖怪技巧＋15,,,,
959,喜儿,火,71,90,60,107,60,150,火,技,30,,,,,,,,,,自然妹纸吉祥,全队的火属性妖怪技巧＋30,,,新春七件事,
960,肥方,土,20,42,20,26,22,42,地,智,15,,,,,,,,,,美食,全队的地属性妖怪智慧＋15,,,,
961,东坡肉,土,52,104,52,62,56,104,地,智,15,,,,,,,,,,美食善良,全队的地属性妖怪智慧＋15,,,,
962,苏东坡,土,78,155,78,94,86,155,地,智,30,,,,,,,,,,美食善良老人家,全队的地属性妖怪智慧＋30,,,新春七件事,
963,菇仔,土,16,19,23,38,52,23,地,运,15,,,,,,,,,,美食,全队的地属性妖怪运气＋15,,,,
964,菇娘,土,40,50,60,89,125,60,地,运,15,,,,,,,,,,美食妹纸,全队的地属性妖怪运气＋15,,,,
965,赶集娘,土,50,64,75,114,160,75,地,运,30,,,,,,,,,,美食妹纸财迷,全队的地属性妖怪运气＋30,,,新春七件事,
966,原粉,光,30,30,19,21,19,52,光,技,15,,,,,,,,,,美食,全队的光属性妖怪技巧＋15,,,,
967,面团仔,光,73,73,50,54,50,125,光,技,15,,,,,,,,,,美食善良,全队的光属性妖怪技巧＋15,,,,
968,馒头婆婆,光,94,94,62,68,62,158,光,技,30,,,,,,,,,,美食善良老人家,全队的光属性妖怪技巧＋30,,,新春七件事,
969,大豆豆,暗,21,25,18,56,31,21,暗,魅,15,,,,,,,,,,美食,全队的暗属性妖怪魅力＋15,,,,
970,磨豆坊,暗,54,64,42,133,79,54,暗,魅,15,,,,,,,,,,美食奇特,全队的暗属性妖怪魅力＋15,,,,
971,豆腐爷,暗,68,79,54,170,101,68,暗,魅,30,,,,,,,,,,美食奇特老人家,全队的暗属性妖怪魅力＋30,,,新春七件事,
972,簸箕仔,木,46,21,18,34,21,34,水,力,15,,,,,,,,,,自然,全队的水属性妖怪力量＋15,,,,
973,扫帚君,木,114,54,44,81,54,81,水,力,15,,,,,,,,,,自然善良,全队的水属性妖怪力量＋15,,,,
974,扫尘娘,木,142,68,56,102,68,102,水,力,30,,,,,,,,,,自然善良妹纸,全队的水属性妖怪力量＋30,,,新春七件事,
975,猫眼石,暗,69,94,117,117,176,206,暗,运,,0.3,,,,,,,,,自然,全队的暗属性妖怪运气×130%,,,汪汪喵喵,
976,夕,暗,79,105,134,134,199,233,暗,运,,0.6,,,,,,,,,自然猫咪,全队的暗属性妖怪运气×160%,,,,
977,馋猫,暗,88,118,148,148,224,260,暗,运,,1,,,,,,,,,自然猫咪美食,全队的暗属性妖怪运气×200%,,,,
978,喵夕,暗,98,130,164,164,246,186,暗,运,,1.5,猫咪,全,100,,,,,,自然猫咪美食神仙,全队的暗属性妖怪运气×250%,一只猫咪，全属性＋100,,,
979,汪仔,光,119,90,71,107,210,180,光,运,,0.3,,,,,,,,,自然,全队的光属性妖怪运气×130%,,,汪汪喵喵,
980,萌极,光,136,102,82,121,239,203,光,运,,0.6,,,,,,,,,自然猫咪,全队的光属性妖怪运气×160%,,,,
981,糖无极,光,152,114,90,136,266,228,光,运,,1,,,,,,,,,自然猫咪美食,全队的光属性妖怪运气×200%,,,,
982,汪年,光,168,126,100,150,294,252,光,运,,1.5,猫咪,全,100,,,,,,自然猫咪美食神仙,全队的光属性妖怪运气×250%,一只猫咪，全属性＋100,,,
983,糖瓜,光,36,19,23,21,50,23,光,运,15,,,,,,,,,,美食,全队的光属性妖怪运气＋15,,,,
984,灶王,光,89,47,60,54,120,60,光,运,15,,,,,,,,,,美食善良,全队的光属性妖怪运气＋15,,,,
985,灶神,光,133,72,90,80,180,90,光,运,30,,,,,,,,,,美食善良神仙,全队的光属性妖怪运气＋30,,,新春七件事,
986,牙火,火,80,32,40,48,40,60,火,技,15,,,,,,,,,,自然,全队的火属性妖怪技巧＋15,,,,
987,柴使,火,146,58,72,88,72,110,火,技,15,,,,,,,,,,自然奇特,全队的火属性妖怪技巧＋15,,,,
988,霹雳火秦明,火,204,82,102,122,102,153,火,技,30,,,,,,,,,,自然奇特魁梧,全队的火属性妖怪技巧＋30,,,,
989,发财,光,36,71,44,54,164,44,光,运,,0.3,,,,,,,,,神器,全队的光属性妖怪运气×130%,,,财神兄弟,
990,发财锦囊,光,57,117,70,88,264,70,光,运,,0.6,,,,,,,,,神器财迷,全队的光属性妖怪运气×160%,,,,
991,聚宝盆,光,86,174,104,130,392,104,光,运,,1,,,,,,,,,神器财迷小眼睛,全队的光属性妖怪运气×200%,,,,
992,白板,暗,46,94,56,69,94,56,暗,运,,0.3,,,,,,,,,神器,全队的暗属性妖怪运气×130%,,,财神兄弟,
993,白板布丁,暗,84,169,101,125,83,101,暗,运,,0.6,,,,,,,,,神器美食,全队的暗属性妖怪运气×160%,,,,
994,无名劫匪,暗,144,288,172,216,0,172,暗,运,,1,,,,,,,,,神器美食娇小,全队的暗属性妖怪运气×200%,,,,
995,圆蛋,水,30,30,30,30,30,30,水,技,,0.3,,,,,,,,,神秘,全队的水属性妖怪技巧×130%,,,,
996,小圆,水,50,50,50,50,50,50,水,技,,0.6,,,,,,,,,神秘呆萌,全队的水属性妖怪技巧×160%,,,,
997,一娃,水,70,70,70,70,70,70,水,技,,1,,,,,,,,,神秘呆萌机械,全队的水属性妖怪技巧×200%,,,,
998,时空少女一娃,水,200,200,200,200,200,200,水,技,,1,机械,技,111,,,,,,神秘呆萌机械妹纸,全队的水属性妖怪技巧×200%,每增加一个机械妖怪技+111,,,
999,绒茸,光,34,61,42,103,121,52,光,运,,0.3,,,,,,,,,自然,全队的光属性妖怪运气×130%,,,,
1000,鹿萌,光,56,100,65,168,195,84,光,运,,0.6,,,,,,,,,自然呆萌,全队的光属性妖怪运气×160%,,,,
1001,九色鹿,光,82,147,98,247,290,124,光,运,,1,,,,,,,,,自然呆萌奇特,全队的光属性妖怪运气×200%,,,,
1002,鹿王本生,光,90,164,108,272,318,136,光,运,,1,善良,运,168,,,,,,自然呆萌奇特神仙,全队的光属性妖怪运气×200%,每增加一个善良妖怪，运+168,,,
1003,狐妖妲己,光,50,150,302,354,80,150,全,魅,,0.3,全,速,,0.3,神勇,,0,,冰冷妹纸妖怪财迷,全队每人魅力×130%,全队每人速度×130%,每增加一个神勇妖怪，智力-100，魅速+100,,
1004,玉儿,木,75,50,39,50,151,46,木,运,15,,,,,,,,,,吉祥,全队的木属性妖怪运气＋15,,,,
1005,彩女,木,121,82,64,82,246,72,木,运,30,,,,,,,,,,吉祥人形,全队的木属性妖怪运气＋30,,,,
1006,玉女,木,162,108,85,108,325,96,木,运,50,,,,,,,,,,吉祥人形妹纸,全队的木属性妖怪运气＋50,,,金童玉女,全队每人运气×160%
1007,金儿,火,48,56,38,71,119,82,火,运,15,,,,,,,,,,吉祥,全队的火属性妖怪运气＋15,,,,
1008,彩子,火,76,92,59,115,192,129,火,运,30,,,,,,,,,,吉祥人形,全队的火属性妖怪运气＋30,,,,
1009,金童,火,102,122,81,152,256,173,火,运,50,,,,,,,,,,吉祥人形善良,全队的火属性妖怪运气＋50,,,金童玉女,全队每人运气×160%
1010,乌梅子,暗,82,94,151,69,69,82,暗,速,,0.3,,,,,,,,,自然,全队的暗属性妖怪速度×130%,,,,
1011,乌梅鸡,暗,116,132,216,100,100,116,暗,速,,0.6,,,,,,,,,自然飞翔,全队的暗属性妖怪速度×160%,,,,
1012,毕月乌,暗,148,168,274,126,126,148,暗,速,,0.6,光,速,,0.3,,,,,自然飞翔神速,全队的暗属性妖怪速度×160%,全队的光属性妖怪速度×130%,,,
1013,柴木,木,86,30,34,67,39,36,水,力,,0.3,,,,,,,,,自然,全队的水属性妖怪力量×130%,,,,
1014,柴犬,木,158,56,61,126,76,68,水,力,,0.3,,,,,,,,,自然人形,全队的水属性妖怪力量×130%,,,,
1015,奎木狼,木,220,77,88,175,106,96,水,力,,0.6,,,,,,,,,自然人形妹纸,全队的水属性妖怪力量×160%,,,,
1016,穷神,暗,158,316,190,236,0,190,暗,运,,1,暗,全,0,,,,,,神器美食较小神仙,全队的暗属性妖怪运气×200%,8只暗暗属性妖怪全属性+150,,,
1017,财神,光,94,190,114,142,430,114,光,运,,1,光,全,0,,,,,,神器财迷小眼睛神仙,全队的光属性妖怪运气×200%,8只光光属性妖怪全属性+150,,,
1018,北风,水,48,79,60,39,140,52,水,运,,0.3,,,,,,,,,神器,全队的水属性妖怪运气×130%,,,,
1019,帝孙,水,75,128,96,63,224,82,水,运,,0.6,,,,,,,,,神器水性,全队的水属性妖怪运气×160%,,,,
1020,幼年禺疆,水,112,188,141,94,329,122,水,运,,1,,,,,,,,,神器水性吉祥,全队的水属性妖怪运气×200%,,,,
1021,北方之神禺疆,水,124,208,156,104,364,134,水,运,,1,水,全,0,,,,,,神器水性吉祥神仙,全队的水属性妖怪运气×200%,8只水水属性妖怪全属性+150,,四方之神,
1022,东风,木,39,52,79,48,140,60,木,运,,0.3,,,,,,,,,神器,全队的木属性妖怪运气×130%,,,,
1023,芒童,木,63,82,128,75,224,96,木,运,,0.6,,,,,,,,,神器自然,全队的木属性妖怪运气×160%,,,,
1024,春神,木,94,122,188,112,329,141,木,运,,1,,,,,,,,,神器自然飞翔,全队的木属性妖怪运气×200%,,,,
1025,东方之神句芒,木,104,134,208,124,364,156,木,运,,1,木,全,0,,,,,,神器自然飞翔神仙,全队的木属性妖怪运气×200%,8只木木属性妖怪全属性+150,,四方之神,
1026,南风,火,60,52,48,79,140,39,火,运,,0.3,,,,,,,,,神器,全队的火属性妖怪运气×130%,,,,
1027,火宿,火,96,82,75,128,224,63,火,运,,0.6,,,,,,,,,神器自然,全队的火属性妖怪运气×160%,,,,
1028,大司马,火,141,122,112,188,329,94,火,运,,1,,,,,,,,,神器自然妹纸,全队的火属性妖怪运气×200%,,,,
1029,南方之神祝融,火,156,134,124,208,364,104,火,运,,1,火,全,0,,,,,,神器自然妹纸神仙,全队的火属性妖怪运气×200%,8只火火属性妖怪全属性+150,,四方之神,
1030,西风,土,142,44,39,48,79,60,土,运,,0.3,,,,,,,,,神器,全队的地属性妖怪运气×130%,,,,
1031,秋叶,土,228,69,63,77,130,98,地,运,,0.6,,,,,,,,,神器自然,全队的地属性妖怪运气×160%,,,,
1032,司秋,土,337,106,96,114,192,143,地,运,,1,,,,,,,,,神器自然善良,全队的地属性妖怪运气×200%,,,,
1033,西方之神蓐收,土,370,116,106,126,212,158,地,运,,1,地,全,0,,,,,,神器自然善良龙族,全队的地属性妖怪运气×200%,8只地地属性妖怪全属性+150,,四方之神,
1034,红中,火,79,39,44,48,60,142,火,技,,0.3,,,,,,,,,神器,全队的火属性妖怪技巧×130%,,,,
1035,红钟,火,130,63,69,77,98,228,火,技,,0.6,,,,,,,,,神器呆萌,全队的火属性妖怪技巧×160%,,,,
1036,钟仔,火,192,96,106,114,143,337,火,技,,1,,,,,,,,,神器呆萌小眼睛,全队的火属性妖怪技巧×200%,,,,
1037,红忠,火,212,106,116,126,158,370,火,技,,1,财迷,全,128,,,,,,神器呆萌小眼睛老人家,全队的火属性妖怪技巧×200%,每增加一个财迷妖怪，全属性+128,,,
1038,横批,火,92,100,115,115,155,77,火,运,15,,,,,,,,,,吉祥,全队的火属性妖怪运气＋15,,,,
1039,卷娃,火,107,117,136,136,180,90,火,运,30,,,,,,,,,,吉祥人形,全队的火属性妖怪运气＋30,,,,
1040,横批仔,火,122,132,154,154,204,102,火,运,50,,,,,,,,,,吉祥人形妹纸,全队的火属性妖怪运气＋50,,,新春对联,火属性妖怪运+168
1041,上联,火,100,115,92,115,155,77,火,运,15,,,,,,,,,,吉祥,全队的火属性妖怪运气＋15,,,,
1042,联发,火,117,136,107,136,180,90,火,运,30,,,,,,,,,,吉祥人形,全队的火属性妖怪运气＋30,,,,
1043,上联仔,火,132,154,122,154,204,102,火,运,50,,,,,,,,,,吉祥人形善良,全队的火属性妖怪运气＋50,,,新春对联,火属性妖怪运+168
1044,下联,火,115,92,100,115,155,77,火,运,15,,,,,,,,,,吉祥,全队的火属性妖怪运气＋15,,,,
1045,书立,火,136,107,117,136,180,90,火,运,30,,,,,,,,,,吉祥人形,全队的火属性妖怪运气＋30,,,,
1046,下联仔,火,92,100,115,154,204,102,火,运,50,,,,,,,,,,吉祥人形飞翔,全队的火属性妖怪运气＋50,,,新春对联,火属性妖怪运+168
